,Unnamed: 0,label,updated_label,articles,Logical Form,Logical Form 2,result
0,0,0,false causality,"Giving 10% of your income to the Church will free a child’s soul from Limbo into Heaven, so give your money!","(exists e (forall b ((IsGiven(b,a) and IsInLimbo(c)) and IsInHeaven(e)))) -> (forall a (exists f (IsGiven(f,a))))","(exists b (exists c (exists a (exists e ((IsGiven(b,a) and IsInLimbo(c)) and IsInHeaven(e)))))) -> (exists a (exists f (IsGiven(f,a))))",1
1,1,0,appeal to emotion,"If everyone lived his or her life exactly like Jesus lived his life, the world would be a beautiful place!","(forall c (IsLivedExactlyLike(a,c))) -> (exists e (IsBeautiful(d) and IsAPlace(e)))","(exists c (exists a (IsLivedExactlyLike(a,c)))) -> (exists d (exists e (IsBeautiful(d) and IsAPlace(e))))",0
2,2,0,appeal to emotion,"I know you don’t like the kitty-cat sweater that Grandma knitted for you, but she worked so hard on it and it will make her happy to see you wear it in the family holiday photo.",(IsKnitted(a) and IsFor(b)) -> (IsWorn(c) and MakesHappy(a)),(exists b (exists a (IsKnitted(a) and IsFor(b)))) -> (exists c (exists a (IsWorn(c) and MakesHappy(a)))),0
3,3,0,ad populum,"Dave wants you to break into the spooky cabin with him. “Everyone does it,” he claims. What fallacy has he committed?","(IsInSpookyCabin(b) & (forall c (forall a ( ShouldBreakInto(c,a) ->  IsInSpookyCabin(a))))) -> (ShouldBreakInto(c,a))","(exists b (IsInSpookyCabin(b)) & (forall d (forall e ( ShouldBreakInto(d,e) ->  IsInSpookyCabin(e))))) -> (exists c (exists a (ShouldBreakInto(c,a))))",0
4,4,0,fallacy of credibility,"Ms. Drayer, the smartest person in the universe, says the debate is the best class, therefore it is.",(exists c (exists b (IsTeacherOf(b) and IsBestClass(c)))) -> (forall a (IsBestClass(a))),(exists b (exists c (IsTeacherOf(b) and IsBestClass(c)))) -> (exists a (IsBestClass(a))),1
5,5,0,faulty generalization,Why did the blond cross the road?  Because she saw a shoe sale!,(IsBlonde(a) and IsCrossedTheRoad(a)) -> (IsThere(b) and IsShoeSale(c)),(exists a (IsBlonde(a) and IsCrossedTheRoad(a))) -> (exists b (exists c (IsThere(b) and IsShoeSale(c)))),0
6,6,0,appeal to emotion,"Timmy: Mom, what if I don’t believe in God?
Mom: Then you burn in Hell forever.  Why do you ask?
Timmy: No reason.
",(IsBelieveIn(a) and ~IsGod(b) & (forall b (forall d (  IsGod(b) ->   IsForever(d))))) -> (IsBurnIn(a) and IsInHell(c) and IsForever(d)),(exists b (exists a (IsBelieveIn(a) and ~IsGod(b))) & (forall e (forall f (  IsGod(e) ->   IsForever(f))))) -> (exists d (exists c (exists a (IsBurnIn(a) and IsInHell(c) and IsForever(d))))),0
7,7,0,false dilemma,"""If you never gave money to charity, then you must be a greedy millionaire."" What is this?",() -> (),() -> (),0
8,8,0,fallacy of extension,Caroline says that she is going to have lunch with the new girl. Jenna says that she can't believe that Caroline is ditching her old friends for the new girl.,"(forall b (exists a (IsGoingToHaveLunch(a,b)))) -> (exists c (exists a (forall b (IsBelieve(c) and (IsDitching(a,b) or IsNewGirl(b))))))","(exists b (exists a (IsGoingToHaveLunch(a,b)))) -> (exists b (exists c (exists a (IsBelieve(c) and (IsDitching(a,b) or IsNewGirl(b))))))",0
9,9,0,faulty generalization,"""You can never give anyone a break. If you do, they'll walk all over you.""",() -> (),() -> (),1
10,10,0,false causality,"Believing that ""runs"" occur to statistically independent phenomena such as routine wheel spirits.",(forall b (IsRun(a) and IsStatisticallyIndependent(b))) -> (exists e (exists d (exists c (IsRoutine(e) and (IsWheel(d) and IsSpirit(c)))))),(exists b (exists a (IsRun(a) and IsStatisticallyIndependent(b)))) -> (exists d (exists c (exists e (IsRoutine(e) and (IsWheel(d) and IsSpirit(c)))))),0
11,11,0,false causality,"I broke a mirror earlier in the day, and then I received an F on my history final. Therefore, I received the F because I broke the mirror.",(exists b (IsReceived(b) and HasF(a))) -> (forall a (IsBroken(c) and HasF(a) and IsOn(d))),(exists b (exists a (IsReceived(b) and HasF(a)))) -> (exists d (exists c (exists a (IsBroken(c) and HasF(a) and IsOn(d))))),0
12,12,0,fallacy of extension,"Charlie: I think we should put more money into schools. Quality public education is so important.
Bob: So you’re saying we should cut military spending and spend it instead on more spiral notebooks and crayons? I guess you want our country to be a weak, defenseless target for terrorists.
Charlie: Creo que deberíamos invertir más dinero en las escuelas. La educación pública de calidad es muy importante.

Bob: ¿Entonces estás diciendo que deberíamos recortar el gasto militar y gastarlo en más cuadernos de espiral y crayones? Supongo que quiere que nuestro país sea un objetivo débil e indefenso para los terroristas.",(forall c (IsInvestedIn(a) and IsInSchools(c)) & (forall c (forall e (  IsInSchools(c) ->   IsInvestedIn(e)))) & (forall c (forall e (  IsInvestedIn(e) ->   IsInSchools(c))))) -> (exists e (IsCut(d) and IsInvestedIn(e))),(exists c (exists a (IsInvestedIn(a) and IsInSchools(c))) & (forall g (forall f (  IsInSchools(f) ->   IsInvestedIn(g)))) & (forall h (forall i (  IsInvestedIn(h) ->   IsInSchools(i))))) -> (exists d (exists e (IsCut(d) and IsInvestedIn(e)))),1
13,13,0,false causality,"Cellphones weren’t invented before I was born. Now, they are everywhere! Therefore, cellphones were created because I was born.","(IsBorn(a) and CreatedCellphones(b)) -> (WasNotInventedBefore(b,a) and ~IsBorn(c))","(exists b (exists a (IsBorn(a) and CreatedCellphones(b)))) -> (exists b (exists c (exists a (WasNotInventedBefore(b,a) and ~IsBorn(c)))))",1
14,14,0,ad hominem,Ms. Baker assigned me a lot of homework because she’s a witch!,() -> (),() -> (),0
15,15,0,fallacy of credibility,"My dad went to school, so he knows everything about the education system.",() -> (),() -> (),0
16,16,0,ad populum,Everyone is doing the Low-Carb Diet.,"(IsDoing(b,a)) -> (IsDoing(c,a))","(exists b (exists a (IsDoing(b,a)))) -> (exists c (exists a (IsDoing(c,a))))",0
17,17,0,fallacy of extension,"Parent: You need to clean out your backpack.
Child: You know I have ADD! Why can’t you just accept me as I am?","(IsADD(b)) -> (~IsWantingToCleanOut(a,c))","(exists b (IsADD(b))) -> (exists c (exists a (~IsWantingToCleanOut(a,c))))",0
18,18,0,fallacy of credibility,"X has been around for years now.
Y is new.
Therefore, Y is better than X.","(IsNew(a)) -> (IsBetterThan(a,b))","(exists a (IsNew(a))) -> (exists b (exists a (IsBetterThan(a,b))))",1
19,19,0,false causality,"""Right when I sneezed, the power went off. I must've caused the outage."" Bragged Zohaw.",() -> (),() -> (),1
20,20,0,equivocation,"I like my steak rare. But I don’t care for aardvark steak, even though it’s the rarest steak in the world.","(IsRare(a)) -> (IsNotToMyLiking(b,c))","(exists a (IsRare(a))) -> (exists b (exists c (IsNotToMyLiking(b,c))))",1
21,21,0,faulty generalization,"If you allow the students to redo this one test, they will always want to redo all future tests","(forall c (exists b (IsAllowed(a,b) and WantsToRedo(c)))) -> (forall a (forall d (ShouldNotAllow(d,a) and ~IsAStudent(a))))","(exists b (exists c (exists a (IsAllowed(a,b) and WantsToRedo(c))))) -> (exists d (exists a (ShouldNotAllow(d,a) and ~IsAStudent(a))))",1
22,22,0,fallacy of relevance,"There is no need for additional taxes for education. Every year we throw more money into education, and all they do is hire more management and build more buildings. None of the money actually reaches the classroom or is really used for education.",(~IsNeeded(b) & (forall d (forall a (  IsReachedTheClassroom(d) ->  IsNeeded(a))))) -> (IsUsedForEducation(a) and ~IsReachedTheClassroom(d)),(exists b (~IsNeeded(b)) & (forall e (forall f (  IsReachedTheClassroom(e) ->  IsNeeded(f))))) -> (exists d (exists a (IsUsedForEducation(a) and ~IsReachedTheClassroom(d)))),1
23,23,0,false causality,Believing that the cause of the Reformation was simply Martin Luther posting his theses,(IsPosted(a) and (IsInCastleChurch(b) and IsInWittenberg(c)) & (forall a ( IsBelieving(a) ->  IsPosted(a)))) -> (IsBelieving(a) and ~IsSimplisticViewOfHistory(b)),(exists b (exists c (exists a (IsPosted(a) and (IsInCastleChurch(b) and IsInWittenberg(c))))) & (forall d ( IsBelieving(d) ->  IsPosted(d)))) -> (exists b (exists a (IsBelieving(a) and ~IsSimplisticViewOfHistory(b)))),0
24,24,0,false causality,The party was going great! Then Gerald showed up and little by little people started collecting their coats and heading home. Gerald ruined the party.,(forall b (forall a (IsRuined(a) and ~IsParty(b)))) -> (exists f (exists e ((IsCollected(c) and IsHeadingHome(e)) and IsLittleByLittle(f)))),(exists b (exists a (IsRuined(a) and ~IsParty(b)))) -> (exists c (exists e (exists f ((IsCollected(c) and IsHeadingHome(e)) and IsLittleByLittle(f))))),1
25,25,0,fallacy of logic,"I can’t stop eating these chocolates.  I really love chocolate, or I seriously lack willpower.  I know I really love chocolate; therefore, I cannot lack willpower.","(IsLoved(a,b)) -> (IsLacked(a,c))","(exists b (exists a (IsLoved(a,b)))) -> (exists c (exists a (IsLacked(a,c))))",1
26,26,0,false causality,"Shortly after MySpace became popular, U.S. soldiers found Saddam Hussein.",(IsFound(a)) -> (IsFound(a) and IsPopular(b)),(exists a (IsFound(a))) -> (exists b (exists a (IsFound(a) and IsPopular(b)))),0
27,27,0,false causality,Jimmy isn't at school today. He must be on a family trip.,(~IsAtSchool(a)) -> (IsOnFamilyTrip(c)),(exists a (~IsAtSchool(a))) -> (exists c (IsOnFamilyTrip(c))),0
28,28,0,circular reasoning,"I am athletic because I run, and I run because I'm athletic.",() -> (),() -> (),0
29,29,0,false causality,You know Jane Fonda’s exercise videos must be worth the money. Look at the great shape she’s in.,(IsWorthTheMoney(b) and IsJaneFonda(a) & (forall a ( IsInGreatShape(a) ->   IsJaneFonda(a)))) -> (IsInGreatShape(a)),(exists b (exists a (IsWorthTheMoney(b) and IsJaneFonda(a))) & (forall d ( IsInGreatShape(d) ->   IsJaneFonda(d)))) -> (exists a (IsInGreatShape(a))),0
30,30,0,fallacy of credibility,Albert Einstein was extremely impressed with this theory.,"(IsImpressed(b,a) & (forall b (forall a ( IsImpressed(b,a) ->  IsBeautiful(a))))) -> (IsBeautiful(a))","(exists b (exists a (IsImpressed(b,a))) & (forall d (forall e ( IsImpressed(d,e) ->  IsBeautiful(e))))) -> (exists a (IsBeautiful(a)))",1
31,31,0,false causality,“I sneezed exactly at the same time the power went off. My sneeze must’ve done something to make the power go off. “,(forall b (IsCausedBySneeze(a) and IsOff(b))) -> (exists c (HasSuperpowers(c))),(exists b (exists a (IsCausedBySneeze(a) and IsOff(b)))) -> (exists c (HasSuperpowers(c))),0
32,32,0,faulty generalization,"It’s getting late, and we still have to decide on the school budget. What do you say we just leave it as is and we can call it a night?",(forall a (IsLeftAsIs(a))) -> (exists d (IsCalled(b) and ~IsDecided(d))),(exists a (IsLeftAsIs(a))) -> (exists b (exists d (IsCalled(b) and ~IsDecided(d)))),0
33,33,0,ad hominem,"Speaker 1 (Democrat): “Donald Trump is a known adulterer. It reflects badly on his character, and suggests he might not be trustworthy.”
Speaker 2 (Republican): “What about Bill Clinton? You didn’t seem to care when he cheated.”",(IsKnownAdulterer(a)) -> (IsCheated(c)),(exists a (IsKnownAdulterer(a))) -> (exists c (IsCheated(c))),0
34,34,0,ad hominem,"I hope I presented my argument clearly.  Now, my opponent will attempt to refute my argument by his own fallacious, incoherent, illogical version of history.",(exists a (IsMyOpponent(a) and IsAttemptToRefute(a)) & (forall a (  IsIllogical(a) ->  IsAttemptToRefute(a)))) -> (forall a ((IsFallacious(a) and IsIncoherent(a)) or IsIllogical(a))),(exists a (IsMyOpponent(a) and IsAttemptToRefute(a)) & (forall f (  IsIllogical(f) ->  IsAttemptToRefute(f)))) -> (exists a ((IsFallacious(a) and IsIncoherent(a)) or IsIllogical(a))),0
35,35,0,false causality,"Every time we sacrifice virgins, it rains. Therefore, sacrificing virgins causes it to rain.",() -> (),() -> (),0
36,36,0,ad hominem,"Salesman: This car gets better than average gas mileage and is one of the most reliable cars according to Consumer Reports.
Will: I doubt it—you obviously just want to sell me that car.
",(exists a (IsReliable(b) and HasGoodGasMileage(a))) -> (forall d (IsWantingToSell(c) and (IsSelling(d) or IsBuying(d)))),(exists b (exists a (IsReliable(b) and HasGoodGasMileage(a)))) -> (exists c (exists d (IsWantingToSell(c) and (IsSelling(d) or IsBuying(d))))),0
37,37,0,fallacy of relevance,Labor unions in America are just as bad as Russia under Stalin!,() -> (),() -> (),0
38,38,0,ad populum,"""Everyone was driving over the speed limit, so I shouldn't have gotten a ticket for it!"" is an example of which logical fallacy?",(IsDriving(a) and IsOverSpeedLimit(b)) -> (IsGotten(c) and ~IsTicket(d)),(exists b (exists a (IsDriving(a) and IsOverSpeedLimit(b)))) -> (exists c (exists d (IsGotten(c) and ~IsTicket(d)))),0
39,39,0,ad hominem,Why would you trust Paris Hilton to sell health food? She drinks and parties and has multiple partners.,"(IsDrinks(a) and IsParties(a)) -> (IsNotTrusted(b,a))","(exists a (IsDrinks(a) and IsParties(a))) -> (exists b (exists a (IsNotTrusted(b,a))))",0
40,40,0,false causality,"“Yesterday, I walked under a ladder with an open umbrella indoors while spilling salt in front of a black cat. And I forgot to knock on wood with my lucky dice. That must be why I’m having such a bad day today. It’s bad luck.”","(forall b (exists a (IsHadBadLuck(a,b))) & (forall b (forall c (forall a (  IsForgotToKnockOnWood(c) ->  IsHadBadLuck(a,b))))) & (forall b (forall c (forall a (  IsHadBadDay(c) ->  IsHadBadLuck(a,b)))))) -> (forall c ((IsWalkedUnderLadder(c) and IsOpenUmbrella(c)) and (IsSpillingSalt(c) and IsForgotToKnockOnWood(c)) and (IsHadBadDay(c) or IsLuckyDice(c))))","(exists b (exists a (IsHadBadLuck(a,b))) & (forall d (forall e (forall f (  IsForgotToKnockOnWood(d) ->  IsHadBadLuck(e,f))))) & (forall g (forall h (forall i (  IsHadBadDay(g) ->  IsHadBadLuck(h,i)))))) -> (exists c ((IsWalkedUnderLadder(c) and IsOpenUmbrella(c)) and (IsSpillingSalt(c) and IsForgotToKnockOnWood(c)) and (IsHadBadDay(c) or IsLuckyDice(c))))",1
41,41,0,faulty generalization,"A car makes less pollution than a bus. Therefore, cars are less of a pollution problem than buses",() -> (),() -> (),1
42,42,0,appeal to emotion,"Preys on people’s emotions and sensitivities, can turn into a slippery slope",(forall b (exists b (exists a (IsPreyedOn(a) and IsSensitive(b))))) -> (exists d (forall c (IsTurnedInto(c) and IsSlippery(d)))),(exists b (exists a (IsPreyedOn(a) and IsSensitive(b)))) -> (exists c (exists d (IsTurnedInto(c) and IsSlippery(d)))),0
43,43,0,fallacy of logic,"Bats are mammals. Bats can fly. Pigs are also mammals, therefore pigs can fly.",() -> (),() -> (),0
44,44,0,intentional,The Geo Metro is a superior car because it averages 43 miles per gallon.,"(IsAveraging(a) & (forall b (forall a ( IsAveraging(a) ->  IsSuperior(a,b)))) & (forall b (forall a ( IsSuperior(a,b) ->  IsAveraging(a))))) -> (IsSuperior(a,b))","(exists a (IsAveraging(a)) & (forall c (forall d ( IsAveraging(c) ->  IsSuperior(c,d)))) & (forall e (forall f ( IsSuperior(e,f) ->  IsAveraging(e))))) -> (exists b (exists a (IsSuperior(a,b))))",1
45,45,0,fallacy of relevance,"“While you may have concerns about my votes about the environment, I can assure you that I am an open minded individual. What we should really discuss is my record on votes that expanded educational opportunities for all children.""",(exists a (IsOpenMinded(a))) -> (forall c (forall b (IsGood(d) and (IsVotes(b) and IsEducationalOpportunities(c))))),(exists a (IsOpenMinded(a))) -> (exists b (exists c (exists d (IsGood(d) and (IsVotes(b) and IsEducationalOpportunities(c)))))),1
46,46,0,intentional,"Fish are the easiest pets to keep; they are inexpensive and require no maintenance at all. Plus, they are really pretty and soothing to watch.",(forall b (IsEasyToKeep(b)) & (forall c (forall a ( IsEasyToKeep(a) ->   RequiresNoMaintenance(c))))) -> (exists e (exists d (IsInexpensive(d) and RequiresNoMaintenance(e)))),(exists b (IsEasyToKeep(b)) & (forall g (forall f ( IsEasyToKeep(f) ->   RequiresNoMaintenance(g))))) -> (exists d (exists e (IsInexpensive(d) and RequiresNoMaintenance(e)))),0
47,47,0,intentional,I am only slightly obese.  That is perfectly normal here in America.,(exists b (IsSlightlyObese(b))) -> (forall d (IsNormal(d) and IsObeseIn(d))),(exists b (IsSlightlyObese(b))) -> (exists d (IsNormal(d) and IsObeseIn(d))),1
48,48,0,ad populum,"Most people think the world is flat, therefore it is flat.",(forall c (IsThoughtToBeFlat(b) and IsFlat(c)) & (forall d (forall a ( IsFlat(d) ->  IsThoughtToBeFlat(a))))) -> (exists a (IsFlat(a))),(exists b (exists c (IsThoughtToBeFlat(b) and IsFlat(c))) & (forall e (forall f ( IsFlat(e) ->  IsThoughtToBeFlat(f))))) -> (exists a (IsFlat(a))),1
49,49,0,appeal to emotion,You have to give me a passing grade. I spent 150 hours on that project and missed every party this quarter.,"(forall a (forall c (forall b (IsGivenTo(b,c) and HasPassingGrade(a)))) & (forall b (forall c (forall d (forall a ( IsGivenTo(b,c) ->  DeservesPassingGrade(d,a)))))) & (forall b (forall c (forall d (forall a ( DeservesPassingGrade(d,a) ->  IsGivenTo(b,c)))))) & (forall d (forall a (  HasPassingGrade(a) ->  DeservesPassingGrade(d,a)))) & (forall d (forall a ( DeservesPassingGrade(d,a) ->   HasPassingGrade(a))))) -> (exists d (exists a (DeservesPassingGrade(d,a))))","(exists b (exists c (exists a (IsGivenTo(b,c) and HasPassingGrade(a)))) & (forall g (forall h (forall e (forall f ( IsGivenTo(e,f) ->  DeservesPassingGrade(g,h)))))) & (forall k (forall i (forall j (forall l ( DeservesPassingGrade(i,j) ->  IsGivenTo(k,l)))))) & (forall m (forall n (  HasPassingGrade(m) ->  DeservesPassingGrade(n,m)))) & (forall p (forall o ( DeservesPassingGrade(o,p) ->   HasPassingGrade(p))))) -> (exists d (exists a (DeservesPassingGrade(d,a))))",0
50,50,0,ad populum,"I guess I should buy my 12 year old daughter an iPhone. Everyone at her school has one, and I want her to fit in with the other kids.","(forall c (IsAt(b,c) and HasAnIPhone(a)) & (forall d (forall a ( ShouldBuy(a,d) ->   HasAnIPhone(a))))) -> (exists d (ShouldBuy(a,d)))","(exists b (exists c (exists a (IsAt(b,c) and HasAnIPhone(a)))) & (forall e (forall f ( ShouldBuy(e,f) ->   HasAnIPhone(e))))) -> (exists d (exists a (ShouldBuy(a,d))))",1
51,51,0,intentional,Kerry’s plan will raise taxes by at least $900 billion his first hundred days.,"(IsRaisedBy(a,b) and IsAtLeast(c)) -> (IsFirstHundredDaysOf(a) and IsRaisedBy(a,b) and IsAtLeast(c))","(exists b (exists c (exists a (IsRaisedBy(a,b) and IsAtLeast(c))))) -> (exists b (exists c (exists a (IsFirstHundredDaysOf(a) and IsRaisedBy(a,b) and IsAtLeast(c)))))",1
52,52,0,fallacy of extension,"If you told a person, ""I think we should all stay inside to bend the curve of COVID-19"" and they replied, ""so I guess you want people to lose their jobs then,"" what logical fallacy are they using?","(IsStayingInside(b) and IsBendingCurve(a)) -> (IsLosingJobs(c) and IsNecessaryConsequence(d,a))","(exists b (exists a (IsStayingInside(b) and IsBendingCurve(a)))) -> (exists c (exists d (exists a (IsLosingJobs(c) and IsNecessaryConsequence(d,a)))))",0
53,53,0,appeal to emotion,"Power lines cause cancer. I met a little boy with cancer who lived just 20 miles from a power line who looked into my eyes and said, in his weak voice, “Please do whatever you can so that other kids won’t have to go through what I am going through.” I urge you to vote for this bill to tear down all power lines and replace them with monkeys on treadmills.","(IsCausedBy(a,b)) -> (IsTornDown(a) and (IsReplacedWith(a,c) and PreventsCancer(c,d)))","(exists b (exists a (IsCausedBy(a,b)))) -> (exists d (exists c (exists a (IsTornDown(a) and (IsReplacedWith(a,c) and PreventsCancer(c,d))))))",0
54,54,0,ad hominem,"Student: Hey, Professor Moore, we shouldn't have to read this book by Freud. Everyone knows he used cocaine.","(IsUsed(a,b)) -> (ShouldNotHaveToRead(c) and IsRead(a))","(exists b (exists a (IsUsed(a,b)))) -> (exists c (exists a (ShouldNotHaveToRead(c) and IsRead(a))))",0
55,55,0,false causality,"Our house was burglarized right after that new family moved in next door. Therefore, that new family must have been involved.",() -> (),() -> (),1
56,56,0,circular reasoning,"Witchcraft remains our most urgent spiritual problem because it threatens
our very souls.",(exists b (IsThreatened(b))) -> (forall c (MustAddress(c))),(exists b (IsThreatened(b))) -> (exists c (MustAddress(c))),1
57,57,0,false dilemma,"Senator Jill: ""We'll have to cut education funding this year.""
Senator Bill: ""Why?""
Senator Jill: ""Well, either we cut the social programs or we live with a huge deficit and we can't live with the deficit.""",(IsCut(a) and IsThisYear(c)) -> (IsCut(d)),(exists c (exists a (IsCut(a) and IsThisYear(c)))) -> (exists d (IsCut(d))),1
58,58,0,appeal to emotion,"""You'll make the right decision because you have something that not many people do: you have heart.""?",(IsHavingHeart(a) & (forall a ( IsHavingHeart(a) ->  WillMakeRightDecision(a)))) -> (WillMakeRightDecision(a)),(exists a (IsHavingHeart(a)) & (forall d ( IsHavingHeart(d) ->  WillMakeRightDecision(d)))) -> (exists a (WillMakeRightDecision(a))),1
59,59,0,faulty generalization,Christine has a terrible experience with a boyfriend. She decides that all boys are mean. This is an example of which logical fallacy?,"(AllBoys(b) and IsMean(a)) -> (IsExperiencedWith(a,c) and IsMean(d))","(exists b (exists a (AllBoys(b) and IsMean(a)))) -> (exists d (exists c (exists a (IsExperiencedWith(a,c) and IsMean(d)))))",0
60,60,0,circular reasoning,Smoking pot is against the law because it's wrong; I know it's wrong because it is against the law.,() -> (),() -> (),1
61,61,0,circular reasoning,"""You can't give me a D because I'm an A student!""",() -> (),() -> (),1
62,62,0,fallacy of logic,People who buy stocks are no different from people who bet on horse racing. They both risk their money with little chance of making a big profit.,"(exists c (forall b (forall a (IsBuy(a) and IsBet(b) and IsHorseRacing(c)))) & (forall b (forall d (forall e (  IsBet(b) ->  IsRisk(d,e)))))) -> (forall g (exists g (exists f (IsRisk(d,e) and IsLittleChance(f) and IsBigProfit(g)))))","(exists b (exists c (exists a (IsBuy(a) and IsBet(b) and IsHorseRacing(c)))) & (forall h (forall j (forall i (  IsBet(h) ->  IsRisk(i,j)))))) -> (exists g (exists d (exists e (exists f (IsRisk(d,e) and IsLittleChance(f) and IsBigProfit(g))))))",0
63,63,0,appeal to emotion,"I cannot get a job because the public education system failed me;  I have to steal to  survive.  It is society's fault, not mine.","(forall b (forall a (IsFailed(a,b)))) -> (exists c (exists e (IsSteal(c) and IsSurvive(e))))","(exists b (exists a (IsFailed(a,b)))) -> (exists c (exists e (IsSteal(c) and IsSurvive(e))))",0
64,64,0,faulty generalization,"Trump presents a dark image of America if Clinton is elected, with “Syrian refugees flooding in, illegal immigrants convicted of crimes staying.”",(exists c ((IsSyrianRefugee(a) and IsIllegalImmigrant(b)) and (HasCommittedCrime(c) or IsStayed(b)))) -> (forall e (IsPresented(d) and (IsDarkImage(e) and IsElected(f)))),(exists b (exists c (exists a ((IsSyrianRefugee(a) and IsIllegalImmigrant(b)) and (HasCommittedCrime(c) or IsStayed(b)))))) -> (exists d (exists e (exists f (IsPresented(d) and (IsDarkImage(e) and IsElected(f)))))),0
65,65,0,ad hominem,"Charlie: Fast food is filled with salt, fat, and added sugars. We need better regulation of the industry.
Bob: That my be, but you're such a hypocrite! I saw you devour a Triple-Baconator, super-sized fries, and 64oz of soda yesterday!","(IsFilledWith(a,b) and (IsSaturated(c) and IsAdded(d))) -> (IsHypocrite(e))","(exists d (exists b (exists c (exists a (IsFilledWith(a,b) and (IsSaturated(c) and IsAdded(d))))))) -> (exists e (IsHypocrite(e)))",0
66,66,0,faulty generalization,Christine has a terrible experience with a boyfriend. She decides that all boys are mean.,(exists b (IsHadExperience(a) and IsBoyfriend(b))) -> (forall c (IsMean(c))),(exists b (exists a (IsHadExperience(a) and IsBoyfriend(b)))) -> (exists c (IsMean(c))),1
67,67,0,intentional,"Barbara believes the marketing agency's office is haunted. The cleaning crew once said they heard a other-worldly noise late at night. Since no one could prove that it wasn't a ghost, the office must be haunted.","(forall c (IsHaunted(b) and (IsInOffice(a) and IsGhost(c)))) -> (exists e (~IsA(d,e)))","(exists b (exists c (exists a (IsHaunted(b) and (IsInOffice(a) and IsGhost(c)))))) -> (exists d (exists e (~IsA(d,e))))",1
68,68,0,ad populum,"I am voting for Pepitone for President because the rest of my family is voting for her, and I don't want to be the only one not doing so.","(IsVotingFor(a) and President(b)) -> (IsNotVotingFor(c,a) and IsVotingFor(b))","(exists b (exists a (IsVotingFor(a) and President(b)))) -> (exists b (exists c (exists a (IsNotVotingFor(c,a) and IsVotingFor(b)))))",0
69,69,0,fallacy of credibility,"“I admire the president for being a good role model.” REPLY: “But the New York Times says he’s a lousy role model, so you’re wrong.”","(forall a (IsGoodRoleModel(a))) -> (exists c (IsSays(b,c) and IsLousyRoleModel(c)))","(exists a (IsGoodRoleModel(a))) -> (exists b (exists c (IsSays(b,c) and IsLousyRoleModel(c))))",0
70,70,0,faulty generalization,The numbers on gun violence speak for themselves. We should ban guns in the country!,() -> (),() -> (),0
71,71,0,false causality,"“The temperature has dropped this morning, and I also have a headache. Therefore, the cold weather must be causing my headache. “",(forall b (IsCold(b) and HasHeadache(a)) & (forall b (forall c ( IsCold(b) ->  IsDropTemperature(c)))) & (forall c (forall b ( IsDropTemperature(c) ->  IsCold(b))))) -> (exists c (IsDropTemperature(c) and HasHeadache(a))),(exists b (exists a (IsCold(b) and HasHeadache(a))) & (forall d (forall e ( IsCold(d) ->  IsDropTemperature(e)))) & (forall g (forall f ( IsDropTemperature(f) ->  IsCold(g))))) -> (exists c (exists a (IsDropTemperature(c) and HasHeadache(a)))),1
72,72,0,ad hominem,"My teacher says the Earth is flat, so it definitely is flat.",() -> (),() -> (),1
73,73,0,equivocation,"The fallacy of equivocation occurs when a key term or phrase in an argument is used in an ambiguous way, with one meaning in one portion of the argument and then another meaning in another portion of the argument.",(exists b (IsFallacyOfEquivocation(b) and Occurs(a))) -> (forall a (IsAmbiguous(a))),(exists b (exists a (IsFallacyOfEquivocation(b) and Occurs(a)))) -> (exists a (IsAmbiguous(a))),1
74,74,0,faulty generalization,When you have too little or unrepresentative data to make claim.,(forall b (IsTooLittle(a) or IsUnrepresentative(b))) -> (exists d (IsMakeClaim(c) and ~IsClaim(d))),(exists b (exists a (IsTooLittle(a) or IsUnrepresentative(b)))) -> (exists c (exists d (IsMakeClaim(c) and ~IsClaim(d)))),1
75,75,0,ad populum,"The majority of people believe advertisers should spend more money on billboards, so billboards are objectively the best form of advertisement.",() -> (),() -> (),1
76,76,0,faulty generalization,"If we ban Hummers because they are bad for the environment, eventually the government will ban all cars, so we should not ban Hummers.",(IsBanned(a) and IsBadFor(b) & (forall b (forall d ( WillBeBanned(d) ->   IsBadFor(b))))) -> (WillBeBanned(c)),(exists b (exists a (IsBanned(a) and IsBadFor(b))) & (forall e (forall f ( WillBeBanned(e) ->   IsBadFor(f))))) -> (exists c (WillBeBanned(c))),0
77,77,0,ad hominem,"My opponent raised a good point, but can we trust him? I mean he just moved to town only 5 months ago, how much could he really know?",(forall a (IsRaisedGoodPoint(a))) -> (exists b (~IsTrusted(b))),(exists a (IsRaisedGoodPoint(a))) -> (exists b (~IsTrusted(b))),1
78,78,0,false dilemma,"Either you can save your money to buy a new car for yourself, or you can just take an Uber around for the rest of your life.",(forall c ((IsSavingMoney(c) or IsTakingUber(c)))) -> (exists a (IsBetterToTakeUber(b) and IsSavingMoney(a))),(exists c ((IsSavingMoney(c) or IsTakingUber(c)))) -> (exists b (exists a (IsBetterToTakeUber(b) and IsSavingMoney(a)))),0
79,79,0,false causality,"Matthieu was the only player on the team who didn't grow a playoff beard, and thus he ended up getting injured.",(~IsGrown(b)) -> (IsInjured(a)),(exists b (~IsGrown(b))) -> (exists a (IsInjured(a))),1
80,80,0,intentional,"John: Members of the UbaTuba White Men's Club are upstanding citizens of the community.
Marvin: Then why are there so many of these members in jail?
John: They were never true UbaTuba White Men's Club members.
Marvin: What’s a true UbaTuba White Men's Club member?
John: Those who don't go to jail.
",(forall b (IsUbaTubaWhiteMen'sClub(a) and AreUpstandingCitizens(b)) & (forall d (forall a ( IsUbaTubaWhiteMen'sClub(a) ->  IsTrueUbaTubaWhiteMen'sClubMembers(d)))) & (forall d (forall a ( IsTrueUbaTubaWhiteMen'sClubMembers(d) ->  IsUbaTubaWhiteMen'sClub(a)))) & (forall b (forall d ( IsTrueUbaTubaWhiteMen'sClubMembers(d) ->   AreUpstandingCitizens(b))))) -> (forall e (exists d (IsTrueUbaTubaWhiteMen'sClubMembers(d) and ~IsInJail(e)))),(exists b (exists a (IsUbaTubaWhiteMen'sClub(a) and AreUpstandingCitizens(b))) & (forall g (forall h ( IsUbaTubaWhiteMen'sClub(g) ->  IsTrueUbaTubaWhiteMen'sClubMembers(h)))) & (forall i (forall j ( IsTrueUbaTubaWhiteMen'sClubMembers(i) ->  IsUbaTubaWhiteMen'sClub(j)))) & (forall k (forall l ( IsTrueUbaTubaWhiteMen'sClubMembers(k) ->   AreUpstandingCitizens(l))))) -> (exists d (exists e (IsTrueUbaTubaWhiteMen'sClubMembers(d) and ~IsInJail(e)))),1
81,81,0,faulty generalization,"""Animal experimentation reduces our respect for life. If we don't respect life, we are likely to be more and more tolerant of violent acts like war and murder. Soon our society will become a battlefield in which everyone constantly fears for their lives. It will be the end of civilization. To prevent this terrible consequence, we should make animal experimentation illegal right now.""",(forall b (IsExperimentedOn(a) and ~IsRespected(b))) -> (forall d (exists a (IsBecomeBattlefield(c) and (IsIllegal(a) and IsEnded(d))))),(exists b (exists a (IsExperimentedOn(a) and ~IsRespected(b)))) -> (exists d (exists c (exists a (IsBecomeBattlefield(c) and (IsIllegal(a) and IsEnded(d)))))),0
82,82,0,false causality,You know Jane Fonda's exercise videos must be worth the money. Look at the great shape she's in.,(IsWorthTheMoney(b) and IsJaneFonda(a) & (forall a ( IsInGreatShape(a) ->   IsJaneFonda(a)))) -> (IsInGreatShape(a)),(exists b (exists a (IsWorthTheMoney(b) and IsJaneFonda(a))) & (forall d ( IsInGreatShape(d) ->   IsJaneFonda(d)))) -> (exists a (IsInGreatShape(a))),1
83,83,0,faulty generalization,"Asians make lousy athletes, but do well at the Math Olympiad.",() -> (),() -> (),0
84,84,0,false dilemma,"“Caldwell Hall is in bad shape. Either we tear it down and put up a new building, or we continue to risk students’ safety. Obviously we shouldn’t risk anyone’s safety, so we must tear the building down.”",(IsInBadShape(a) & (forall d (forall a ( IsInBadShape(a) ->  IsTornDown(d)))) & (forall d (forall a ( IsTornDown(d) ->  IsInBadShape(a))))) -> (Must(c) and IsTornDown(d)),(exists a (IsInBadShape(a)) & (forall g (forall f ( IsInBadShape(f) ->  IsTornDown(g)))) & (forall h (forall i ( IsTornDown(h) ->  IsInBadShape(i))))) -> (exists c (exists d (Must(c) and IsTornDown(d)))),1
85,85,0,faulty generalization,Did you really vote for Donald as class treasurer? Didn't you hear that his uncle was imprisoned for embezzling $1.5 million?,(IsImprisoned(b) and EmbezzledMoney(c)) -> (IsDishonest(a)),(exists b (exists c (IsImprisoned(b) and EmbezzledMoney(c)))) -> (exists a (IsDishonest(a))),1
86,86,0,fallacy of logic,"If the ozone layer is destroyed, many people will get cancer and suffer from other illnesses.  The ozone layer is being protected, not destroyed.  So, many people will be spared the pain of cancer and other illnesses.",(IsProtected(a)) -> (IsSpared(b) and (HasCancer(c) or HasOtherIllnesses(d))),(exists a (IsProtected(a))) -> (exists b (exists c (exists d (IsSpared(b) and (HasCancer(c) or HasOtherIllnesses(d)))))),1
87,87,0,faulty generalization,"Broccoli has significantly less fat than the leading candy bar! Plus, it's nowhere near as hot as Hot Cheetos!","(exists c (IsLessFatThan(a,b) and ~IsNotAsHotAs(a,c))) -> (forall b (ShouldBeEatenInsteadOf(d,b)))","(exists b (exists c (exists a (IsLessFatThan(a,b) and ~IsNotAsHotAs(a,c))))) -> (exists b (exists d (ShouldBeEatenInsteadOf(d,b))))",1
88,88,0,fallacy of relevance,You're complaining because you have to walk to school? I used to have to give my parents my entire paycheck.,(IsWalkedTo(a)) -> (IsComplaining(a)),(exists a (IsWalkedTo(a))) -> (exists a (IsComplaining(a))),0
89,89,0,fallacy of extension,Robot 2 (Blue) has been refuting all of Robot 1's (Orange) arguments. Robot 1 launches the above counterargument. What is this fallacy?,"(IsInOrange(a) and IsRefutingArguments(c)) -> (IsInOrange(a) and LaunchesCounterargument(b,e))","(exists c (exists a (IsInOrange(a) and IsRefutingArguments(c)))) -> (exists b (exists a (exists e (IsInOrange(a) and LaunchesCounterargument(b,e)))))",0
90,90,0,ad hominem,Personally attacking someone to shift attention away from your views is,(forall b (IsPersonallyAttacking(b) and IsFormOfBullying(b))) -> (exists c (IsAttacking(a) and IsBullying(c))),(exists b (IsPersonallyAttacking(b) and IsFormOfBullying(b))) -> (exists c (exists a (IsAttacking(a) and IsBullying(c)))),0
91,91,0,ad hominem,"""She's such a mean teacher and person – that's why she wouldn't raise my grade ONE percent!""",() -> (),() -> (),1
92,92,0,appeal to emotion,"If you don't buy the black pencils, you will get made fun of. You will not be chosen for group projects.",(exists c (exists a (If (IsNotBought(a)) and IsMadeFunOf(c)))) -> (forall a (forall d (IsNotChosen(a) and ~IsInGroupProject(d)))),(exists c (exists a (If (IsNotBought(a)) and IsMadeFunOf(c)))) -> (exists d (exists a (IsNotChosen(a) and ~IsInGroupProject(d)))),0
93,93,0,faulty generalization,"Jeff's mom is concerned when she finds out that he skipped class one day. She tells him that she is concerned that since he skipped one class, he will start skipping more frequently. Then he will drop out altogether, never graduate or get into college, and end up unemployed and living at home for the rest of his life. What type of fallacy has Jeff's mom committed?",(IsSkipped(a) & (forall a ( IsSkipped(a) ->   WillDropOutOfSchool(a))) & (forall a (  WillDropOutOfSchool(a) ->  IsSkipped(a))) & (forall a ( IsSkipped(a) ->   WillNeverGraduate(a))) & (forall a (  WillNeverGraduate(a) ->  IsSkipped(a))) & (forall a ( IsSkipped(a) ->   WillEndUpUnemployed(a))) & (forall a (  WillEndUpUnemployed(a) ->  IsSkipped(a)))) -> ((WillStartSkippingMoreClasses(a) and  WillDropOutOfSchool(a)) and (WillNeverGraduate(a) or WillEndUpUnemployed(a)) and (WillLiveAtHome(a))),(exists a (IsSkipped(a)) & (forall f ( IsSkipped(f) ->   WillDropOutOfSchool(f))) & (forall g (  WillDropOutOfSchool(g) ->  IsSkipped(g))) & (forall h ( IsSkipped(h) ->   WillNeverGraduate(h))) & (forall i (  WillNeverGraduate(i) ->  IsSkipped(i))) & (forall j ( IsSkipped(j) ->   WillEndUpUnemployed(j))) & (forall k (  WillEndUpUnemployed(k) ->  IsSkipped(k)))) -> (exists a ((WillStartSkippingMoreClasses(a) and  WillDropOutOfSchool(a)) and (WillNeverGraduate(a) or WillEndUpUnemployed(a)) and (WillLiveAtHome(a)))),0
94,94,0,ad hominem,"How can you tell me I should exercise to lose weight? All you do is sit behind a desk all day. I've never seen you do a lick of exercise.

Identify the logical fallacy commited in this argument.",(IsExercise(a) and LosesWeight(b)) -> (~IsExercise(b)),(exists b (exists a (IsExercise(a) and LosesWeight(b)))) -> (exists b (~IsExercise(b))),1
95,95,0,fallacy of logic,"""We both like music, so we should get married.""",() -> (),() -> (),0
96,96,0,ad hominem,"Brandon: We should have tastier lunches!
Jaylen: Don't listen to him! He's a terrible person! I saw him trip another student and steal his lunch money!","(IsWanted(a,b)) -> (IsTerriblePerson(a))","(exists b (exists a (IsWanted(a,b)))) -> (exists a (IsTerriblePerson(a)))",0
97,97,0,ad hominem,Of course Marx' theories about the ideal society are bunk. The guy spent all his time in the library.,(~IsBunk(a)) -> (IsSpentAllTime(c) and IsInLibrary(d)),(exists a (~IsBunk(a))) -> (exists c (exists d (IsSpentAllTime(c) and IsInLibrary(d)))),1
98,98,0,fallacy of relevance,"I'm tailgating her, because she cut me off!",(IsShe(a) and IsCutOff(b)) -> (IsTailgating(d)),(exists b (exists a (IsShe(a) and IsCutOff(b)))) -> (exists d (IsTailgating(d))),1
99,99,0,faulty generalization,President Petutti ordered a military strike that killed many civilians. He is no different than any other mass murder and he belongs in prison!,() -> (),() -> (),1
100,100,1,,A white and black dog catching a Frisbee. It follows that the dog is playing with a toy thrown by a person.,"(forall a (IsCaught(a,b))) -> (exists c (IsPlaying(c) and (Threw(d,e) and IsTheSamePerson(d,e))))","(exists b (exists a (IsCaught(a,b)))) -> (exists c (exists d (exists e (IsPlaying(c) and (Threw(d,e) and IsTheSamePerson(d,e))))))",1
101,101,1,,"A firefighter is putting wooden blocks under a crushed blue car. Therefore, the firefighter is putting something under the car.","(forall c (IsPutting(a,c) and IsUnder(b))) -> (exists d (exists a (IsPutting(a,d) and IsUnder(b))))","(exists b (exists c (exists a (IsPutting(a,c) and IsUnder(b))))) -> (exists d (exists b (exists a (IsPutting(a,d) and IsUnder(b)))))",1
102,102,1,,"Hispanic woman wearing a red plaid shirt works on sewing an article of clothing. As a consequence, woman wearing a shirt sewing.",(forall c (exists b (IsHispanic(a) and IsWearingRedPlaidShirt(b) and WorksOnSewing(c))) & (forall b (forall e (  IsWearingRedPlaidShirt(b) ->  IsWearing(e)))) & (forall b (forall e ( IsWearing(e) ->   IsWearingRedPlaidShirt(b)))) & (forall c (forall f (  WorksOnSewing(c) ->   IsSewing(f)))) & (forall c (forall f (  IsSewing(f) ->   WorksOnSewing(c))))) -> (exists f (forall e (IsWearing(e) and IsSewing(f)))),(exists b (exists c (exists a (IsHispanic(a) and IsWearingRedPlaidShirt(b) and WorksOnSewing(c)))) & (forall g (forall h (  IsWearingRedPlaidShirt(g) ->  IsWearing(h)))) & (forall i (forall j ( IsWearing(i) ->   IsWearingRedPlaidShirt(j)))) & (forall k (forall l (  WorksOnSewing(k) ->   IsSewing(l)))) & (forall m (forall n (  IsSewing(m) ->   WorksOnSewing(n))))) -> (exists e (exists f (IsWearing(e) and IsSewing(f)))),1
103,103,1,,"A group of people walking down the street with one on the phone in a green hat. Thus, people are outside.",(forall b (IsOutside(b))) -> (exists d (exists c (IsOnPhone(c) and IsWearingGreenHat(d)))),(exists b (IsOutside(b))) -> (exists c (exists d (IsOnPhone(c) and IsWearingGreenHat(d)))),1
104,104,1,,Six children run towards a soccer ball on an athletic field. It follows that children run towards a soccer ball.,"(exists b (IsRunTowards(b,a))) -> (forall c (IsRunTowards(c,a)))","(exists b (exists a (IsRunTowards(b,a)))) -> (exists c (exists a (IsRunTowards(c,a))))",1
105,105,1,,"A man with no shirt and purple pants crouches while tampering with a metallic object. Consequently, shirtless man tampers with metal thing.",(forall b (IsNoShirt(a) and IsTampering(b))) -> (exists d (IsTampering(d))),(exists b (exists a (IsNoShirt(a) and IsTampering(b)))) -> (exists d (IsTampering(d))),1
106,106,1,,A smiling girl in glasses and a blue-gray scarf with a smiling girl in a black coat leaning on her shoulder. This implies that the girls are smiling.,(exists c (exists a (IsInGlasses(a) and (HasBlueGrayScarf(b) and Smiles(c)))) & (forall c (forall d (  Smiles(c) ->  IsSmiling(d)))) & (forall c (forall d ( IsSmiling(d) ->   Smiles(c))))) -> (forall d (IsSmiling(d))),(exists b (exists c (exists a (IsInGlasses(a) and (HasBlueGrayScarf(b) and Smiles(c))))) & (forall e (forall f (  Smiles(e) ->  IsSmiling(f)))) & (forall g (forall h ( IsSmiling(g) ->   Smiles(h))))) -> (exists d (IsSmiling(d))),1
107,107,1,,"A man in a yellow tie is rubbing the back of his neck. Hence, a man is rubbing his neck.",(forall b (IsRubbing(b))) -> (exists d (IsInYellowTie(c) and IsRubbing(d))),(exists b (IsRubbing(b))) -> (exists c (exists d (IsInYellowTie(c) and IsRubbing(d)))),1
108,108,1,,"A baseball player gets ready to catch a fly ball near the outfield fence. Therefore, a person is playing baseball outdoors.",(forall a (IsGettingReady(a) and (IsABaseballPlayer(a) and IsCatchingFlyBall(a) and IsNearOutfieldFence(a))) & (forall a ( IsABaseballPlayer(a) ->  IsPlayingBaseball(a))) & (forall a ( IsPlayingBaseball(a) ->  IsABaseballPlayer(a))) & (forall a (  IsNearOutfieldFence(a) ->   IsOutdoors(a)))) -> (exists c (IsPlayingBaseball(a) and IsOutdoors(c))),(exists a (IsGettingReady(a) and (IsABaseballPlayer(a) and IsCatchingFlyBall(a) and IsNearOutfieldFence(a))) & (forall e ( IsABaseballPlayer(e) ->  IsPlayingBaseball(e))) & (forall f ( IsPlayingBaseball(f) ->  IsABaseballPlayer(f))) & (forall g (  IsNearOutfieldFence(g) ->   IsOutdoors(g)))) -> (exists c (exists a (IsPlayingBaseball(a) and IsOutdoors(c)))),1
109,109,1,,A bald man has hand on the shoulder of another man. It follows that a man is touching another person.,"(exists b (IsBald(a) and HasHandOnShoulder(b)) & (forall d (forall c (forall a ( IsBald(a) ->  IsTouching(c,d))))) & (forall b (forall c (forall d (  HasHandOnShoulder(b) ->  IsTouching(c,d))))) & (forall b (forall c (forall d ( IsTouching(c,d) ->   HasHandOnShoulder(b)))))) -> (forall d (forall c (IsTouching(c,d))))","(exists b (exists a (IsBald(a) and HasHandOnShoulder(b))) & (forall g (forall e (forall f ( IsBald(e) ->  IsTouching(f,g))))) & (forall h (forall j (forall i (  HasHandOnShoulder(h) ->  IsTouching(i,j))))) & (forall m (forall k (forall l ( IsTouching(k,l) ->   HasHandOnShoulder(m)))))) -> (exists c (exists d (IsTouching(c,d))))",1
110,110,1,,"Girl in a thin rowboat leaving the dock of a lake. Hence, the girl in the rowboat is not fat.",(~IsFat(a)) -> (IsLeaving(a) and IsOnLake(b) and IsOnDock(c)),(exists a (~IsFat(a))) -> (exists b (exists c (exists a (IsLeaving(a) and IsOnLake(b) and IsOnDock(c))))),0
111,111,1,,"Two dogs are fighting in a field. Consequently, the two dogs are outside.",(IsFighting(a) and IsInField(b)) -> (IsOutside(a)),(exists b (exists a (IsFighting(a) and IsInField(b)))) -> (exists a (IsOutside(a))),1
112,112,1,,"Three people are in an alley with a dumpster, one skateboarding over the dumpster while the other two look on. It follows that a person is riding a skateboard.",(IsRiding(a)) -> ((IsInAlley(d) and IsWithDumpster(e))),(exists a (IsRiding(a))) -> (exists d (exists e ((IsInAlley(d) and IsWithDumpster(e))))),1
113,113,1,,"Several men wearing blue smocks, hats, and mouth coverings are in an operating room, each concentrating on something. As a consequence, doctors are fixating on their job.",(forall b (IsFixating(a) and IsJob(b))) -> (exists d ((IsWearingBlueSmooths(d) and IsWearingHats(e)) and (IsWearingMouthCoverings(f) and IsInOperatingRoom(g)))),(exists b (exists a (IsFixating(a) and IsJob(b)))) -> (exists g (exists d (exists e (exists f ((IsWearingBlueSmooths(d) and IsWearingHats(e)) and (IsWearingMouthCoverings(f) and IsInOperatingRoom(g))))))),1
114,114,1,,"A woman in a fancy costume is fixer her makeup in front of a mirror. As a consequence, fancy woman fixes makeup at a mirror.",() -> (),() -> (),1
115,115,1,,Old man in a yellow shirt standing in front of a yellow building next to a pay phone. It follows that the man is wearing a yellow shirt.,"(IsWearing(a,b)) -> (IsStanding(a) and IsNextTo(a,c) and IsAt(a,c))","(exists b (exists a (IsWearing(a,b)))) -> (exists c (exists a (IsStanding(a) and IsNextTo(a,c) and IsAt(a,c))))",1
116,116,1,,"A dog stands in a field with a tennis ball in his mouth. Thus, the dog is outside.",(IsInField(b) and (HasTennisBall(c) and IsHis(d))) -> (IsOutside(e)),(exists b (exists c (exists d (IsInField(b) and (HasTennisBall(c) and IsHis(d)))))) -> (exists e (IsOutside(e))),1
117,117,1,,"A woman in a bathing suit exits a pool. Consequently, a woman is wet.",() -> (),() -> (),1
118,118,1,,A man plugs his nose while trying something with an obvious pungent odor as his female friends laughs it on. It follows that a man eats something that smells awful.,"(exists b (forall a (IsEaten(a,b) and SmellsAwful(b))) & (forall d (forall b (forall a ( IsEaten(a,b) ->   HasObviousPungentOdor(a,d))))) & (forall b (forall c (forall a (  SmellsAwful(b) ->  IsPlugged(a,c))))) & (forall d (forall b (forall a (  SmellsAwful(b) ->   HasObviousPungentOdor(a,d))))) & (forall d (forall b (forall a (  HasObviousPungentOdor(a,d) ->   SmellsAwful(b)))))) -> (forall d (forall a (forall c (exists d (exists c (IsPlugged(a,c) and HasObviousPungentOdor(a,d)))))))","(exists b (exists a (IsEaten(a,b) and SmellsAwful(b))) & (forall g (forall h (forall f ( IsEaten(f,g) ->   HasObviousPungentOdor(f,h))))) & (forall k (forall i (forall j (  SmellsAwful(i) ->  IsPlugged(j,k))))) & (forall m (forall n (forall l (  SmellsAwful(l) ->   HasObviousPungentOdor(m,n))))) & (forall q (forall p (forall o (  HasObviousPungentOdor(o,p) ->   SmellsAwful(q)))))) -> (exists d (exists c (exists a (IsPlugged(a,c) and HasObviousPungentOdor(a,d)))))",1
119,119,1,,"Two bald men and two bald women dressed in all white standing in a prayer pose. Thus, people are standing.",(exists c ((IsBald(a) and IsBald(b)) and (IsInAllWhite(c) and (IsBald(a) or IsBald(b))))) -> (forall d (IsStanding(d))),(exists b (exists c (exists a ((IsBald(a) and IsBald(b)) and (IsInAllWhite(c) and (IsBald(a) or IsBald(b))))))) -> (exists d (IsStanding(d))),1
120,120,1,,A woman helping a toddler to swim in a pool. It follows that the people are wet.,"(IsHelping(a,b) and IsInPool(c)) -> (IsWet(d))","(exists b (exists c (exists a (IsHelping(a,b) and IsInPool(c))))) -> (exists d (IsWet(d)))",1
121,121,1,,"A crowd of people are sitting in bleachers, and some are holding American flags. Thus, a crowd of people are sitting, some sitting with flags.",(forall a (IsInCrowd(a) and (IsHoldingAmericanFlag(a) or IsInCrowd(a))) & (forall d (forall a (  IsHoldingAmericanFlag(a) ->   IsHoldingFlags(d))))) -> (exists d (exists c (exists b ((IsInCrowd(b) and IsSitting(c)) and (IsHoldingFlags(d) or IsSittingWithFlags(d)))))),(exists a (IsInCrowd(a) and (IsHoldingAmericanFlag(a) or IsInCrowd(a))) & (forall e (forall f (  IsHoldingAmericanFlag(e) ->   IsHoldingFlags(f))))) -> (exists b (exists c (exists d ((IsInCrowd(b) and IsSitting(c)) and (IsHoldingFlags(d) or IsSittingWithFlags(d)))))),1
122,122,1,,"Man reading a book in a barber shop at night. As a consequence, a man is sitting in a barber shop.","(IsSittingIn(a,b) & (forall b (forall a ( IsSittingIn(a,b) ->   IsInBarberShop(a,b)))) & (forall b (forall a (  IsInBarberShop(a,b) ->  IsSittingIn(a,b))))) -> (IsReading(a,c) and IsInBarberShop(a,b))","(exists b (exists a (IsSittingIn(a,b))) & (forall d (forall e ( IsSittingIn(d,e) ->   IsInBarberShop(d,e)))) & (forall g (forall f (  IsInBarberShop(f,g) ->  IsSittingIn(f,g))))) -> (exists b (exists c (exists a (IsReading(a,c) and IsInBarberShop(a,b)))))",1
123,123,1,,"A young person is doing a trick on a bike. Hence, a person is riding a bike.",(IsDoingTrick(b) and IsOnBike(a) & (forall c (forall a (  IsOnBike(a) ->  IsRidingBike(c)))) & (forall c (forall a ( IsRidingBike(c) ->   IsOnBike(a))))) -> (IsRidingBike(a)),(exists b (exists a (IsDoingTrick(b) and IsOnBike(a))) & (forall d (forall e (  IsOnBike(d) ->  IsRidingBike(e)))) & (forall g (forall f ( IsRidingBike(f) ->   IsOnBike(g))))) -> (exists a (IsRidingBike(a))),1
124,124,1,,A group of five children have a snowball fight and play in the snow. It follows that there are five children in this picture.,(IsInThisPicture(a)) -> (IsInSnow(d) and HasSnowballFight(a)),(exists a (IsInThisPicture(a))) -> (exists d (exists a (IsInSnow(d) and HasSnowballFight(a)))),0
125,125,1,,"A man climbing the side of a cliff. Thus, he is a rock climber.",(forall b (IsClimbing(a) and IsOnCliff(b)) & (forall c (forall a ( IsClimbing(a) ->  IsHe(c)))) & (forall d (forall a ( IsClimbing(a) ->   IsRockClimber(d))))) -> (exists d (IsHe(c) and IsRockClimber(d))),(exists b (exists a (IsClimbing(a) and IsOnCliff(b))) & (forall e (forall f ( IsClimbing(e) ->  IsHe(f)))) & (forall g (forall h ( IsClimbing(g) ->   IsRockClimber(h))))) -> (exists c (exists d (IsHe(c) and IsRockClimber(d)))),1
126,126,1,,"A woman in a formal suit takes pictures as the crowd waits patiently for unfolding events. Therefore, a woman takes pictrues of a group.",(exists b (IsTakingPictures(a) and IsInGroup(b))) -> (forall c (IsTakingPictures(a) and IsInCrowd(c))),(exists b (exists a (IsTakingPictures(a) and IsInGroup(b)))) -> (exists c (exists a (IsTakingPictures(a) and IsInCrowd(c)))),1
127,127,1,,"A man in a green helmet helping a girl in a blue helmet and pink suite up a rock with a rope. Therefore, a man is helping a girl up a rock with a rope.","(IsHelping(a,b) and IsOnRock(c) and HasRope(d)) -> (IsHelping(a,b) and IsOnRock(c) and HasRope(d))","(exists d (exists b (exists c (exists a (IsHelping(a,b) and IsOnRock(c) and HasRope(d)))))) -> (exists d (exists b (exists c (exists a (IsHelping(a,b) and IsOnRock(c) and HasRope(d))))))",1
128,128,1,,a toddler riding on the shoulders of her dad. It follows that a young child having fun with Dad.,(forall a (IsToddler(a) and IsOnShoulders(a)) & (forall b (forall a ( IsToddler(a) ->  IsFun(b)))) & (forall b (forall a ( IsFun(b) ->  IsToddler(a))))) -> (exists c (exists b (IsFun(b) and IsWithDad(c)))),(exists a (IsToddler(a) and IsOnShoulders(a)) & (forall d (forall e ( IsToddler(d) ->  IsFun(e)))) & (forall g (forall f ( IsFun(f) ->  IsToddler(g))))) -> (exists b (exists c (IsFun(b) and IsWithDad(c)))),1
129,129,1,,"A cyclist in a red, yellow and black uniform, including a helmet is performing a trick on his bike. It follows that a cyclist is doing tricks on his bike.",(exists b ((IsInRed(c) and IsInYellow(d) and IsInBlack(e)) and (IsWearingUniform(f) and IsOnBike(b))) & (forall b (forall a (  IsOnBike(b) ->  IsDoingTricks(a))))) -> (forall a (IsDoingTricks(a) and IsOnBike(b))),(exists d (exists b (exists c (exists e (exists f ((IsInRed(c) and IsInYellow(d) and IsInBlack(e)) and (IsWearingUniform(f) and IsOnBike(b))))))) & (forall h (forall i (  IsOnBike(h) ->  IsDoingTricks(i))))) -> (exists b (exists a (IsDoingTricks(a) and IsOnBike(b)))),1
130,130,1,,"A little girl lays on the sidewalk with her face in the grass. Therefore, a girl is laying on the sidewalk.",() -> (),() -> (),1
131,131,1,,"A performer on a concert stage. Consequently, the person is on stage.",(IsOnStage(b)) -> (IsOnStage(c)),(exists b (IsOnStage(b))) -> (exists c (IsOnStage(c))),1
132,132,1,,"A young woman with blue jeans and a black tank top is walking down the sidewalk screaming and clutching her chest. Consequently, a very upset woman is screaming and walking.",(IsScreaming(a) and IsClutching(b) & (forall c (forall a ( IsScreaming(a) ->  IsUpset(c)))) & (forall c (forall a ( IsUpset(c) ->  IsScreaming(a)))) & (forall b (forall c (  IsClutching(b) ->  IsUpset(c)))) & (forall c (forall b ( IsUpset(c) ->   IsClutching(b))))) -> (IsUpset(c) and IsWalking(d)),(exists b (exists a (IsScreaming(a) and IsClutching(b))) & (forall e (forall f ( IsScreaming(e) ->  IsUpset(f)))) & (forall g (forall h ( IsUpset(g) ->  IsScreaming(h)))) & (forall i (forall j (  IsClutching(i) ->  IsUpset(j)))) & (forall k (forall l ( IsUpset(k) ->   IsClutching(l))))) -> (exists c (exists d (IsUpset(c) and IsWalking(d)))),1
133,133,1,,A woman is running with a bunch of children in what appears to be a race. This implies that the woman is running.,(IsRunning(a) & (forall a ( IsRunning(a) ->  IsInRace(a))) & (forall a ( IsInRace(a) ->  IsRunning(a)))) -> (IsInRace(a)),(exists a (IsRunning(a)) & (forall d ( IsRunning(d) ->  IsInRace(d))) & (forall e ( IsInRace(e) ->  IsRunning(e)))) -> (exists a (IsInRace(a))),1
134,134,1,,A man and young child playing mini golf with tennis balls and enlarged golf putters. This implies that the people are playing mini golf.,"(forall b (IsPlayingMiniGolf(a,b))) -> (exists e ((IsPlayingMiniGolf(d,e) and IsUsingTennisBalls(f)) or (IsPlayingMiniGolf(d,e) and IsUsingEnlargedGolfPutters(g))))","(exists b (exists a (IsPlayingMiniGolf(a,b)))) -> (exists g (exists d (exists e (exists f ((IsPlayingMiniGolf(d,e) and IsUsingTennisBalls(f)) or (IsPlayingMiniGolf(d,e) and IsUsingEnlargedGolfPutters(g)))))))",1
135,135,1,,"Race dog# 2 is ahead of a few other dogs. As a consequence, more than one dog is shown here.",(exists b (IsAhead(a) and ~IsAhead(b))) -> (forall a ((IsMoreThanOne(a) and IsShownHere(a)))),(exists b (exists a (IsAhead(a) and ~IsAhead(b)))) -> (exists a ((IsMoreThanOne(a) and IsShownHere(a)))),1
136,136,1,,Several women and men are lifting their arms straight up above their heads. It follows that people raise their arms.,"(IsLifted(a,b) & (forall b (forall a ( IsLifted(a,b) ->  IsRaised(a,b)))) & (forall b (forall a ( IsRaised(a,b) ->  IsLifted(a,b))))) -> (IsRaised(a,b))","(exists b (exists a (IsLifted(a,b))) & (forall c (forall d ( IsLifted(c,d) ->  IsRaised(c,d)))) & (forall e (forall f ( IsRaised(e,f) ->  IsLifted(e,f))))) -> (exists b (exists a (IsRaised(a,b))))",1
137,137,1,,"The Doberman is running through the tall grass. Hence, another dog runs through some more grass.",(exists b (exists a (IsRunning(a) and IsInTallGrass(b)))) -> (forall d (forall c (IsRunning(c) and IsInSomeMoreGrass(d)))),(exists b (exists a (IsRunning(a) and IsInTallGrass(b)))) -> (exists c (exists d (IsRunning(c) and IsInSomeMoreGrass(d)))),1
138,138,1,,"Two gray dogs run together over the green grass. Thus, there is more than one dog.",(exists a (IsRunTogether(a) and IsOnGreenGrass(b)) & (forall c (forall a ( IsRunTogether(a) ->  IsMoreThanOne(c))))) -> (forall c (IsMoreThanOne(c) and (IsDog(c) or IsDog(c1) and IsDog(c2)))),(exists b (exists a (IsRunTogether(a) and IsOnGreenGrass(b))) & (forall d (forall e ( IsRunTogether(d) ->  IsMoreThanOne(e))))) -> (exists c (IsMoreThanOne(c) and (IsDog(c) or IsDog(c1) and IsDog(c2)))),1
139,139,1,,"A man with a blue and yellow bowler hat on is speaking into a headset microphone, while holding a rope. Consequently, a man is using a hands free microphone.",(IsUsingHandsFreeMicrophone(a)) -> (IsWearingBlueAndYellowBowlerHat(a) and IsSpeakingIntoHeadsetMicrophone(a)),(exists a (IsUsingHandsFreeMicrophone(a))) -> (exists a (IsWearingBlueAndYellowBowlerHat(a) and IsSpeakingIntoHeadsetMicrophone(a))),1
140,140,1,,Ice skiing is a sport where we can play it in a snow. This implies that ice skiing is a snow sport.,(IsSnow(a) and IsPlayed(a) & (forall b (forall a ( IsSnow(b) ->   IsPlayed(a))))) -> (IsSnow(b) and IsSnowSport(b)),(exists a (IsSnow(a) and IsPlayed(a)) & (forall c (forall d ( IsSnow(c) ->   IsPlayed(d))))) -> (exists b (IsSnow(b) and IsSnowSport(b))),1
141,141,1,,3 girls imitating a sexual position at a party. This implies that three girls are at a party.,"(forall a (IsImitated(a,b))) -> (exists c (IsAtParty(c) and (IsAtParty(c1) and IsAtParty(c2) and IsAtParty(c3))))","(exists b (exists a (IsImitated(a,b)))) -> (exists c (IsAtParty(c) and (IsAtParty(c1) and IsAtParty(c2) and IsAtParty(c3))))",1
142,142,1,,"A greyhound races on the dirt. Hence, a dog races on the dirt.",() -> (),() -> (),1
143,143,1,,"a small black and white jumping to catch something in its mouth. Hence, a animal is leaping.",(forall a (IsSmall(a) and IsBlackAndWhite(a) and IsLeaping(a))) -> (exists b (IsLeaping(b))),(exists a (IsSmall(a) and IsBlackAndWhite(a) and IsLeaping(a))) -> (exists b (IsLeaping(b))),1
144,144,1,,"A woman sits alone on a park bench in the sun. Hence, a women is in a park.",(IsSittingAlone(a) and IsInParkBench(b) and IsInSun(c)) -> (IsInPark(a)),(exists b (exists c (exists a (IsSittingAlone(a) and IsInParkBench(b) and IsInSun(c))))) -> (exists a (IsInPark(a))),1
145,145,1,,A man is standing on a ladder painting bricks. It follows that the guy is painting bricks while standing on a ladder.,(IsOnLadder(a) and IsPainting(b)) -> (IsPainting(a) and IsBricks(b)),(exists b (exists a (IsOnLadder(a) and IsPainting(b)))) -> (exists b (exists a (IsPainting(a) and IsBricks(b)))),1
146,146,1,,"A man with no shirt on and a hat is using a hammer and anvil. Consequently, the man is working.","((IsWithoutShirt(a) and IsUsingHammerAndAnvil(d,e)) & (forall a (forall d (forall e (forall f (   IsUsingHammerAndAnvil(d,e) ->  IsWorking(a,f))))))) -> (IsWorking(a,f))","(exists d (exists a (exists e ((IsWithoutShirt(a) and IsUsingHammerAndAnvil(d,e))))) & (forall g (forall h (forall j (forall i (   IsUsingHammerAndAnvil(g,h) ->  IsWorking(i,j))))))) -> (exists a (exists f (IsWorking(a,f))))",1
147,147,1,,"A woman with a walkie talkie and a bicycle helmet and bicycle standing near another woman in a black jacket. As a consequence, a pair of women stand together near a bike.","(IsHas(a,b) and IsWearing(c) & (forall c (forall e (  IsWearing(c) ->   IsNear(e))))) -> (IsStandingTogether(d) and IsNear(e))","(exists b (exists c (exists a (IsHas(a,b) and IsWearing(c)))) & (forall g (forall f (  IsWearing(f) ->   IsNear(g))))) -> (exists d (exists e (IsStandingTogether(d) and IsNear(e))))",1
148,148,1,,"Factory workers are steadily completing their jobs. Consequently, people working hard in a factory.","(forall a (IsSteadilyCompleting(a,b)) & (forall b (forall c (forall a ( IsSteadilyCompleting(a,b) ->  IsWorkingHard(c))))) & (forall d (forall b (forall a ( IsSteadilyCompleting(a,b) ->   IsInFactory(d)))))) -> (exists d (IsWorkingHard(c) and IsInFactory(d)))","(exists b (exists a (IsSteadilyCompleting(a,b))) & (forall g (forall e (forall f ( IsSteadilyCompleting(e,f) ->  IsWorkingHard(g))))) & (forall h (forall j (forall i ( IsSteadilyCompleting(h,i) ->   IsInFactory(j)))))) -> (exists c (exists d (IsWorkingHard(c) and IsInFactory(d))))",1
149,149,1,,The boy is coming down the amusement slide on his knees. It follows that the boy is coming down the slide.,(IsOnHisKnees(a) and IsOnAmusementSlide(b) & (forall b (forall a ( IsOnSlide(a) ->   IsOnAmusementSlide(b))))) -> (IsOnSlide(a)),(exists b (exists a (IsOnHisKnees(a) and IsOnAmusementSlide(b))) & (forall e (forall f ( IsOnSlide(e) ->   IsOnAmusementSlide(f))))) -> (exists a (IsOnSlide(a))),1
150,150,1,,A family enjoys the outside. This implies that there is a family outdoors.,"(forall b (forall a (IsEnjoyed(a,b))) & (forall d (forall b (forall a ( IsEnjoyed(a,b) ->  IsOutdoors(d))))) & (forall b (forall d (forall a ( IsOutdoors(d) ->  IsEnjoyed(a,b)))))) -> (exists d (IsOutdoors(d)))","(exists b (exists a (IsEnjoyed(a,b))) & (forall g (forall e (forall f ( IsEnjoyed(e,f) ->  IsOutdoors(g))))) & (forall h (forall j (forall i ( IsOutdoors(h) ->  IsEnjoyed(i,j)))))) -> (exists d (IsOutdoors(d)))",1
151,151,1,,"A bearded man is sitting on a bench wearing a fur lined jacket and hat. As a consequence, this man is dressed for cold weather.",(forall b (IsBearded(a) and IsDressedForColdWeather(b)) & (forall b (forall e (  IsDressedForColdWeather(b) ->    IsWearingFurLinedJacket(e)))) & (forall b (forall e (   IsWearingFurLinedJacket(e) ->   IsDressedForColdWeather(b)))) & (forall b (forall f (  IsDressedForColdWeather(b) ->    IsWearingHat(f)))) & (forall b (forall f (   IsWearingHat(f) ->   IsDressedForColdWeather(b))))) -> (exists e (IsSittingOnBench(c) and (IsWearingFurLinedJacket(e) and IsWearingHat(f)))),(exists b (exists a (IsBearded(a) and IsDressedForColdWeather(b))) & (forall g (forall h (  IsDressedForColdWeather(g) ->    IsWearingFurLinedJacket(h)))) & (forall i (forall j (   IsWearingFurLinedJacket(i) ->   IsDressedForColdWeather(j)))) & (forall k (forall l (  IsDressedForColdWeather(k) ->    IsWearingHat(l)))) & (forall m (forall n (   IsWearingHat(m) ->   IsDressedForColdWeather(n))))) -> (exists c (exists e (exists f (IsSittingOnBench(c) and (IsWearingFurLinedJacket(e) and IsWearingHat(f)))))),1
152,152,1,,"Two martial artists spar while a referee wearing a tie looks on. Thus, two martial srtits are fighting.",(IsSparring(a) and IsTwo(a) & (forall a ( IsSparring(a) ->  IsFighting(a))) & (forall a ( IsFighting(a) ->  IsSparring(a)))) -> (IsFighting(a) and IsFighting(b)),(exists a (IsSparring(a) and IsTwo(a)) & (forall b ( IsSparring(b) ->  IsFighting(b))) & (forall c ( IsFighting(c) ->  IsSparring(c)))) -> (exists b (exists a (IsFighting(a) and IsFighting(b)))),1
153,153,1,,"A young woman waits on a busy street at night. Hence, a young woman is outside at night.",(exists c (exists b (forall a (IsYoung(a) and IsOnBusyStreet(b) and IsAtNight(c)))) & (forall c (forall e (  IsAtNight(c) ->   IsOutside(e))))) -> (forall f (forall e (exists d (IsYoung(d) and IsOutside(e) and IsAtNight(f))))),(exists b (exists c (exists a (IsYoung(a) and IsOnBusyStreet(b) and IsAtNight(c)))) & (forall g (forall h (  IsAtNight(g) ->   IsOutside(h))))) -> (exists d (exists e (exists f (IsYoung(d) and IsOutside(e) and IsAtNight(f))))),1
154,154,1,,"man laying on bench holding leash of dog sitting on ground. Therefore, a man is laying on a bench with his dog.",() -> (),() -> (),1
155,155,1,,"People are outside on the sidewalk where there are small decorated buildings that could be selling something. Consequently, there are people outside a building.","(exists a (IsOutside(a) and IsInBuilding(b))) -> (exists a (forall b (IsSelling(a) and ~IsBuying(a,b))))","(exists b (exists a (IsOutside(a) and IsInBuilding(b)))) -> (exists b (exists a (IsSelling(a) and ~IsBuying(a,b))))",1
156,156,1,,"People sit aboard a train or subway. Thus, people are commuting by train.",((IsOnTrain(a) or IsOnSubway(a)) & (forall a ( IsOnTrain(a) ->  IsCommutingByTrain(a))) & (forall a ( IsCommutingByTrain(a) ->  IsOnTrain(a))) & (forall a (  IsOnSubway(a) ->  IsCommutingByTrain(a)))) -> (IsCommutingByTrain(a)),(exists a ((IsOnTrain(a) or IsOnSubway(a))) & (forall d ( IsOnTrain(d) ->  IsCommutingByTrain(d))) & (forall e ( IsCommutingByTrain(e) ->  IsOnTrain(e))) & (forall f (  IsOnSubway(f) ->  IsCommutingByTrain(f)))) -> (exists a (IsCommutingByTrain(a))),1
157,157,1,,"A man in his bar is pointing his finger up. Hence, the man points towards the ceiling.","(forall a (IsPointingTowards(a,b))) -> (exists e (exists c (IsPointing(c,d) and IsUpward(e))))","(exists b (exists a (IsPointingTowards(a,b)))) -> (exists c (exists d (exists e (IsPointing(c,d) and IsUpward(e)))))",1
158,158,1,,"People gather around a lantern to look at a colored mat in the sand. Thus, people gather around a lantern.","(IsGatheredAround(a,b)) -> (IsGatheredAround(a,b))","(exists b (exists a (IsGatheredAround(a,b)))) -> (exists b (exists a (IsGatheredAround(a,b))))",1
159,159,1,,"Two kids play in shallow waves against a brilliant blue sky. Thus, the children play outside on a beautiful day.","(exists b (IsPlayingIn(a,b))) -> (forall c (IsBeautiful(c)))","(exists b (exists a (IsPlayingIn(a,b)))) -> (exists c (IsBeautiful(c)))",1
160,160,1,,"A man in a red striped shirt talks in to a microphone. Therefore, a man is talking.",() -> (),() -> (),1
161,161,1,,"A man kicks up dust on as he rides a four-wheeler, with a crystal blue sky in the background. Consequently, the sky is clear and not raining.",(IsKickedUp(a) and IsOnFourWheeler(b)) -> (IsClear(c) and ~IsNotRaining(d)),(exists b (exists a (IsKickedUp(a) and IsOnFourWheeler(b)))) -> (exists c (exists d (IsClear(c) and ~IsNotRaining(d)))),1
162,162,1,,"A man wearing white socks is pedaling a bicycle. Consequently, a man is riding a bicycle outside.","(IsPedaling(a,b) & (forall b (forall a ( IsPedaling(a,b) ->  IsRiding(a,b))))) -> (IsRiding(a,b) and IsOutside(c))","(exists b (exists a (IsPedaling(a,b))) & (forall d (forall e ( IsPedaling(d,e) ->  IsRiding(d,e))))) -> (exists b (exists c (exists a (IsRiding(a,b) and IsOutside(c)))))",1
163,163,1,,"Two smoking women lead a pack of women past two men leaning against a building. Consequently, two men are leaning against a building.",() -> (),() -> (),1
164,164,1,,One old homeless guy walks by the park. It follows that a homeless man walks past a park.,"(exists b (IsHomeless(b) and IsNear(a,b)) & (forall b (forall c (forall a (  IsNear(a,b) ->  IsHomeless(c)))))) -> (forall c (IsHomeless(c) and IsNear(a,c)))","(exists b (exists a (IsHomeless(b) and IsNear(a,b))) & (forall d (forall e (forall f (  IsNear(d,e) ->  IsHomeless(f)))))) -> (exists c (exists a (IsHomeless(c) and IsNear(a,c))))",1
165,165,1,,"A brunette in a navy blue maxi dress walks past a storefront carrying a purse in one hand and something else in her other hand. As a consequence, the woman in the dress has brown hair.","(exists b (exists a (IsInDress(a) and HasBrownHair(b))) & (forall b (  HasBrownHair(b) ->   HasSomethingelse(b)))) -> (exists a (forall b (IsCarries(a,c) and HasSomethingelse(b))))","(exists b (exists a (IsInDress(a) and HasBrownHair(b))) & (forall e (  HasBrownHair(e) ->   HasSomethingelse(e)))) -> (exists b (exists c (exists a (IsCarries(a,c) and HasSomethingelse(b)))))",1
166,166,1,,"A teenage girl walks past another with a cellphone. Therefore, two people walk past each other.",() -> (),() -> (),1
167,167,1,,"A dog in a ""superman"" shirt sleeps on a blanket. It follows that the dog is sleepy.",() -> (),() -> (),1
168,168,1,,"A parade of people in pink marches on. Consequently, a bunch of people in the same color march by.",(forall c (exists b (exists a (IsInParade(a) and IsPink(b) and IsMarching(c)))) & (forall e (forall a (  IsMarchingBy(e) ->  IsInParade(a)))) & (forall c (forall e (  IsMarchingBy(e) ->   IsMarching(c))))) -> (forall e (forall d (IsInSameColor(d) and IsMarchingBy(e)))),(exists b (exists c (exists a (IsInParade(a) and IsPink(b) and IsMarching(c)))) & (forall g (forall h (  IsMarchingBy(g) ->  IsInParade(h)))) & (forall i (forall j (  IsMarchingBy(i) ->   IsMarching(j))))) -> (exists d (exists e (IsInSameColor(d) and IsMarchingBy(e)))),1
169,169,1,,"There are 3 people in this picture, a man who is looking through some object, another looking at something else perhaps not in the picture, and a little girl with her mouth open wide. Consequently, there are three humans.",(3 and IsInThisPicture(a)) -> (IsLookingThrough(c)),(exists a (3 and IsInThisPicture(a))) -> (exists c (IsLookingThrough(c))),1
170,170,1,,"Lady wearing spectacles points camera with some trepidation. Therefore, a lady is holding a camera.","(exists a (IsLady(a) and IsHolding(a,b)) & (forall b (forall a ( IsHolding(a,b) ->   HasSomeTrepidation(b)))) & (forall b (forall a (  HasSomeTrepidation(b) ->  IsHolding(a,b))))) -> (exists a (forall b (IsHolding(a,b) and HasSomeTrepidation(b))))","(exists b (exists a (IsLady(a) and IsHolding(a,b))) & (forall d (forall e ( IsHolding(d,e) ->   HasSomeTrepidation(e)))) & (forall g (forall f (  HasSomeTrepidation(f) ->  IsHolding(g,f))))) -> (exists b (exists a (IsHolding(a,b) and HasSomeTrepidation(b))))",1
171,171,1,,A baby taking a bath in a tub. It follows that an infant is taking a bath.,(IsBaby(b) and IsTakingBath(b)) -> (IsTakingBath(c)),(exists b (IsBaby(b) and IsTakingBath(b))) -> (exists c (IsTakingBath(c))),1
172,172,1,,"A person is snowboarding wearing a helmet. Therefore, a person is wearing a snowboard and helmet.",() -> (),() -> (),1
173,173,1,,"Young teens hanging out and enjoying themselves. Thus, teens spending free time together.","(forall b (exists a (IsSpent(a,b))) & (forall d (forall b (forall c (forall a ( IsSpent(a,b) ->  IsEnjoyed(c,d)))))) & (forall b (forall c (forall d (forall a ( IsEnjoyed(c,d) ->  IsSpent(a,b))))))) -> (forall d (forall c (IsYoung(c) and IsEnjoyed(c,d))))","(exists b (exists a (IsSpent(a,b))) & (forall g (forall h (forall e (forall f ( IsSpent(e,f) ->  IsEnjoyed(g,h)))))) & (forall k (forall i (forall j (forall l ( IsEnjoyed(i,j) ->  IsSpent(k,l))))))) -> (exists c (exists d (IsYoung(c) and IsEnjoyed(c,d))))",1
174,174,1,,"Two small girls, one in black, the other in white, walking down a paved path. As a consequence, a couple was there.",(IsSmall(a) and IsOnPavedPath(b)) -> (IsA(c) and IsConsequence(d)),(exists b (exists a (IsSmall(a) and IsOnPavedPath(b)))) -> (exists c (exists d (IsA(c) and IsConsequence(d)))),1
175,175,1,,"A lady brings a drink to a seated couple comprised of a woman wearing a long white dress and a man in a dark suit. Therefore, a couple gets their drinks from someone.","(exists a (exists b (IsBroughtBy(b,a) and IsSeated(c))) & (forall d (forall b (forall a ( IsBroughtBy(b,a) ->  IsGottenFrom(d,a)))))) -> (forall d (IsGottenFrom(d,a)))","(exists b (exists c (exists a (IsBroughtBy(b,a) and IsSeated(c)))) & (forall g (forall e (forall f ( IsBroughtBy(e,f) ->  IsGottenFrom(g,f)))))) -> (exists d (exists a (IsGottenFrom(d,a))))",1
176,176,1,,"Christmas time in a city square full of people. Thus, people are outside.",(IsOutside(a) and IsDuringChristmasTime(b) and IsInCitySquare(c)) -> (IsOutside(a) and (IsDuringChristmasTime(b) and IsInCitySquare(c))),(exists b (exists c (exists a (IsOutside(a) and IsDuringChristmasTime(b) and IsInCitySquare(c))))) -> (exists b (exists c (exists a (IsOutside(a) and (IsDuringChristmasTime(b) and IsInCitySquare(c)))))),1
177,177,1,,A baby is lifted into the air by a man wearing no shirt. It follows that a man is playing with a baby.,"(forall b (IsPlayingWith(b,a))) -> (exists c (IsLiftedIntoTheAir(a) and IsWearingNoShirt(c)))","(exists b (exists a (IsPlayingWith(b,a)))) -> (exists c (exists a (IsLiftedIntoTheAir(a) and IsWearingNoShirt(c))))",1
178,178,1,,Two workers in a store are wearing aprons. This implies that workers wear aprons.,(exists b (IsWearingAprons(a) and AreInStore(b))) -> (forall d (IsWearingAprons(d))),(exists b (exists a (IsWearingAprons(a) and AreInStore(b)))) -> (exists d (IsWearingAprons(d))),1
179,179,1,,Two men are jumping and colliding in the air while two other men look on. This implies that two men jumping in the air while two other men watch.,(forall a (IsJumping(a) and IsColliding(a))) -> (exists c ((IsJumping(a) and IsWatching(c)))),(exists a (IsJumping(a) and IsColliding(a))) -> (exists c (exists a ((IsJumping(a) and IsWatching(c))))),1
180,180,1,,"A white-haired coach stands in front of a group of high school age boys running past him. Therefore, a coach stands near some teens.","(forall b (IsStandingNear(b,a))) -> (exists c (IsStandingNear(c,a) and HasWhiteHair(c)))","(exists b (exists a (IsStandingNear(b,a)))) -> (exists c (exists a (IsStandingNear(c,a) and HasWhiteHair(c))))",1
181,181,1,,"Men, women and children waiting and walking in an outdoor waiting area. As a consequence, there are people waiting outside.",(forall a (IsWaitingOutside(a))) -> (exists d ((IsWaitingOutside(c) and IsWaitingOutside(d)) or IsWaitingOutside(e))),(exists a (IsWaitingOutside(a))) -> (exists c (exists d (exists e ((IsWaitingOutside(c) and IsWaitingOutside(d)) or IsWaitingOutside(e))))),1
182,182,1,,"A girl wears gray and yellow uniform with heeled boots while four other girls wear yellow and black costumes with hats. Consequently, five girls are wearing yellow clothing.","(IsWears(b,c) and (IsGray(a) and IsYellow(a)) or IsHeeled(d) & (forall e (forall a (  IsWearing(e,a) ->   IsYellow(a))))) -> (IsFive(e) and IsWearing(e,a))","(exists d (exists b (exists c (exists a (IsWears(b,c) and (IsGray(a) and IsYellow(a)) or IsHeeled(d))))) & (forall g (forall h (  IsWearing(g,h) ->   IsYellow(h))))) -> (exists e (exists a (IsFive(e) and IsWearing(e,a))))",1
183,183,1,,"A group of men in red shirts playing tug-of-war. Consequently, martial arts demonstration.",(IsInRedShirt(a) and IsPlayingTugOfWar(a) & (forall c (forall a (  IsPlayingTugOfWar(a) ->  WillOccur(c))))) -> (WillOccur(c)),(exists a (IsInRedShirt(a) and IsPlayingTugOfWar(a)) & (forall d (forall e (  IsPlayingTugOfWar(d) ->  WillOccur(e))))) -> (exists c (WillOccur(c))),1
184,184,1,,"Two men play volleyball on an indoor court. Therefore, people are playing volleyball.",(IsPlayingVolleyball(a) and IsOnIndoorCourt(b)) -> (IsPlayingVolleyball(d)),(exists b (exists a (IsPlayingVolleyball(a) and IsOnIndoorCourt(b)))) -> (exists d (IsPlayingVolleyball(d))),1
185,185,1,,"Small boy holding is arm out to balance himself while he goes down the fairground slide. As a consequence, a boy goes down a slide.",(forall b (IsOnSlide(b))) -> (exists c (IsSmall(c) and IsOnSlide(a))),(exists b (IsOnSlide(b))) -> (exists c (exists a (IsSmall(c) and IsOnSlide(a)))),1
186,186,1,,Men behind windows with bars on them. It follows that barred windows are in front of the men.,"(IsBehind(a,b) and HasBars(c)) -> (IsInFrontOf(a,b))","(exists b (exists c (exists a (IsBehind(a,b) and HasBars(c))))) -> (exists b (exists a (IsInFrontOf(a,b))))",1
187,187,1,,A man running. This implies that a man runs.,(IsRun(a)) -> (IsRun(a)),(exists a (IsRun(a))) -> (exists a (IsRun(a))),1
188,188,1,,"A man and woman are looking at something inside a market filled with many foods. Hence, a man and woman are grocery shopping.","(forall e (forall c (forall b ((IsInMarket(b) and IsLookingAt(a,c)) and IsFood(e)))) & (forall b (forall f ( IsInMarket(b) ->   IsMan(f)))) & (forall c (forall a (  IsWoman(a) ->   IsLookingAt(a,c)))) & (forall g (forall e ( IsGroceryShopping(g) ->   IsFood(e))))) -> (exists g (exists a (exists f (IsGroceryShopping(g) and IsMan(f) and IsWoman(a)))))","(exists b (exists c (exists a (exists e ((IsInMarket(b) and IsLookingAt(a,c)) and IsFood(e))))) & (forall h (forall i ( IsInMarket(h) ->   IsMan(i)))) & (forall k (forall j (  IsWoman(j) ->   IsLookingAt(j,k)))) & (forall m (forall l ( IsGroceryShopping(l) ->   IsFood(m))))) -> (exists g (exists a (exists f (IsGroceryShopping(g) and IsMan(f) and IsWoman(a)))))",0
189,189,1,,People are waiting in line for a train. It follows that people wait in line for a train.,() -> (),() -> (),1
190,190,1,,The brown dog with the blue muzzle is in the field. This implies that the dog is wearing a muzzle.,(exists b (IsBrown(a) and HasBlueMuzzle(b) and IsInField(c)) & (forall b (forall d ( IsWearingMuzzle(d) ->   HasBlueMuzzle(b))))) -> (forall d (IsWearingMuzzle(d))),(exists b (exists c (exists a (IsBrown(a) and HasBlueMuzzle(b) and IsInField(c)))) & (forall g (forall f ( IsWearingMuzzle(f) ->   HasBlueMuzzle(g))))) -> (exists d (IsWearingMuzzle(d))),1
191,191,1,,"Three gray dogs jump at a woman. As a consequence, dogs are jumping at someone.",(exists a (IsJumpedAt(a))) -> (forall b (IsJumpedAt(b))),(exists a (IsJumpedAt(a))) -> (exists b (IsJumpedAt(b))),1
192,192,1,,"Two ladies are cooking & talking and two gentlemen are talking in the opposite site of the kitchen. Therefore, four people are in the kitchen.","(forall a (IsCooking(a) and IsTalking(a,b) 2. IsTalking(a,b))) -> (exists b (IsInKitchen(b)))","(exists b (exists a (IsCooking(a) and IsTalking(a,b) 2. IsTalking(a,b)))) -> (exists b (IsInKitchen(b)))",1
193,193,1,,"A girl with blue shorts, a black top, and a purple hat sits in the bottom of a shopping cart in a grocery store. Therefore, a girl is out shopping while riding in a basket.",(forall a (IsWearingBlueShorts(a) and IsWearingBlackTop(a) and IsWearingPurpleHat(a)) & (forall b (forall a ( IsOutShopping(b) ->   IsWearingBlackTop(a))))) -> (exists b (IsOutShopping(b) and IsInBasket(c))),(exists a (IsWearingBlueShorts(a) and IsWearingBlackTop(a) and IsWearingPurpleHat(a)) & (forall d (forall e ( IsOutShopping(d) ->   IsWearingBlackTop(e))))) -> (exists b (exists c (IsOutShopping(b) and IsInBasket(c)))),1
194,194,1,,A Caucasian male jumping behind a graffited wall. It follows that a male jumping behind a graffited wall.,(forall b (IsCaucasian(b) and IsBehind(b)) & (forall b (forall c ( IsCaucasian(b) ->  IsMale(c)))) & (forall c (forall b ( IsMale(c) ->  IsCaucasian(b)))) & (forall b (forall c (  IsBehind(b) ->  IsMale(c))))) -> (exists c (IsMale(c) and IsBehind(a))),(exists b (IsCaucasian(b) and IsBehind(b)) & (forall d (forall e ( IsCaucasian(d) ->  IsMale(e)))) & (forall g (forall f ( IsMale(f) ->  IsCaucasian(g)))) & (forall h (forall i (  IsBehind(h) ->  IsMale(i))))) -> (exists c (exists a (IsMale(c) and IsBehind(a)))),1
195,195,1,,"Young boy wearing sunglasses, and a brown shirt with black swirls. Thus, a young boy is wearing brown and black.",(IsWearingBrown(a) and IsWearingBlack(b)) -> (IsWearingBrown(d) or IsWearingBlack(d)),(exists b (exists a (IsWearingBrown(a) and IsWearingBlack(b)))) -> (exists d (IsWearingBrown(d) or IsWearingBlack(d))),1
196,196,1,,people waiting for the subway. It follows that group waits for oncoming public transit.,"(exists b (exists a (IsWaitingFor(a,b)))) -> (forall d (forall c (IsWaitingFor(c,d))))","(exists b (exists a (IsWaitingFor(a,b)))) -> (exists c (exists d (IsWaitingFor(c,d))))",1
197,197,1,,"A man in a black shirt is at a skateboard park holding his skateboard. Thus, the man has a skateboard.",(IsHasSkateboard(a) & (forall a ( IsHasSkateboard(a) ->   HasSkateboard(a))) & (forall a (  HasSkateboard(a) ->  IsHasSkateboard(a)))) -> (IsInBlackShirt(c) and HasSkateboard(a)),(exists a (IsHasSkateboard(a)) & (forall d ( IsHasSkateboard(d) ->   HasSkateboard(d))) & (forall e (  HasSkateboard(e) ->  IsHasSkateboard(e)))) -> (exists c (exists a (IsInBlackShirt(c) and HasSkateboard(a)))),1
198,198,1,,"An elderly lady searches through some strawberries at a local vegetable stand. Hence, a old lady looking at produce.",(exists b (forall a (IsElderly(a) and IsThrough(b))) & (forall c (forall a ( IsElderly(a) ->  IsOld(c)))) & (forall c (forall a ( IsOld(c) ->  IsElderly(a)))) & (forall b (forall d (  IsThrough(b) ->   IsLookingAt(d))))) -> (forall d (exists c (IsOld(c) and IsLookingAt(d)))),(exists b (exists a (IsElderly(a) and IsThrough(b))) & (forall e (forall f ( IsElderly(e) ->  IsOld(f)))) & (forall g (forall h ( IsOld(g) ->  IsElderly(h)))) & (forall i (forall j (  IsThrough(i) ->   IsLookingAt(j))))) -> (exists c (exists d (IsOld(c) and IsLookingAt(d)))),1
199,199,1,,"Man drives car next to shipping containers. Consequently, a man drives his car past some containers.",(forall c (exists b (exists a (IsDrives(a) and IsNextTo(b) and IsShippingContainers(c)))) & (forall a (forall e ( IsDrives(a) ->   IsHisCar(e)))) & (forall c (forall f (  IsShippingContainers(c) ->   IsContainers(f)))) & (forall c (forall f (  IsContainers(f) ->   IsShippingContainers(c))))) -> (exists f (forall e (forall d (IsDrives(d) and IsHisCar(e) and IsContainers(f))))),(exists b (exists c (exists a (IsDrives(a) and IsNextTo(b) and IsShippingContainers(c)))) & (forall g (forall h ( IsDrives(g) ->   IsHisCar(h)))) & (forall i (forall j (  IsShippingContainers(i) ->   IsContainers(j)))) & (forall k (forall l (  IsContainers(k) ->   IsShippingContainers(l))))) -> (exists d (exists e (exists f (IsDrives(d) and IsHisCar(e) and IsContainers(f))))),1
