,Unnamed: 0,logical_fallacies,label,articles,Logical Form,Logical Form 2,result
0,0,appeal to emotion,0,"Access to cleaner water has increased ; mortality from ‘ Extreme Weather Events ’ has declined by 99 per cent since the 1920s ; fewer people are dying from heat ; death rates from climate-sensitive diseases like malaria and diarrhoea have decreased ( since 1900 malaria death rates have declined 96 per cent ) ; hunger rates have declined ; poverty has declined ( GDP per capita has quadrupled since 1950 even as CO2 levels have sextupled ) ; life expectancy has more than doubled since the start of industrialisation ; health adjusted life expectancy has increased ; global inequality has decreased in terms of incomes , life expectancies and access to modern-day amenities ; the earth is green and more productive ; habitat lost to agriculture has peaked due to fossil fuel dependent technologies .",(IsAccessed(a)) -> (IsExtreme(b) and HasDeclined(c)),(exists a (IsAccessed(a))) -> (exists c (exists b (IsExtreme(b) and HasDeclined(c)))),1
1,1,ad hominem,0,"In its 2015 human-rights report on the island nation , the U.S. State Department said that significant problems include “ chronic government corruption , and chronic domestic violence , ” along with “ child abuse , sex trafficking , and lack of legal provisions protecting worker ’ s rights. ”",(exists b (exists a (IsSignificant(a) and ExistsIn(b)))) -> (forall c ((IsChronic(c) and HasGovernmentCorruption(c)) or (HasDomesticViolence(c) and HasChildAbuse(c)) or (HasSexTrafficking(c) and LacksLegalProvisionsProtectingWorkerRights(c)))),(exists a (exists b (IsSignificant(a) and ExistsIn(b)))) -> (exists c ((IsChronic(c) and HasGovernmentCorruption(c)) or (HasDomesticViolence(c) and HasChildAbuse(c)) or (HasSexTrafficking(c) and LacksLegalProvisionsProtectingWorkerRights(c)))),1
2,2,faulty generalization,0,"Sea levels are projected to rise by more than 3 feet by the end of the century , wiping away beaches and coastal properties .",(exists a (WillRiseMoreThan3Feet(a)) & (forall c (forall a ( WillRiseMoreThan3Feet(a) ->  IsEconomicImpactSignificant(c)))) & (forall a (forall d ( WillRiseMoreThan3Feet(a) ->   IsEnvironmentalImpactSignificant(d)))) & (forall e (forall a ( WillRiseMoreThan3Feet(a) ->   IsSignificant(e))))) -> (forall d ((IsEconomicImpactSignificant(c) and IsEnvironmentalImpactSignificant(d)) and IsSignificant(e))),(exists a (WillRiseMoreThan3Feet(a)) & (forall f (forall g ( WillRiseMoreThan3Feet(f) ->  IsEconomicImpactSignificant(g)))) & (forall h (forall i ( WillRiseMoreThan3Feet(h) ->   IsEnvironmentalImpactSignificant(i)))) & (forall k (forall j ( WillRiseMoreThan3Feet(j) ->   IsSignificant(k))))) -> (exists e (exists c (exists d ((IsEconomicImpactSignificant(c) and IsEnvironmentalImpactSignificant(d)) and IsSignificant(e))))),1
3,3,faulty generalization,0,"As we 've noted in this space , the idea of `` settled science '' peddled by environmentalists and politicians defies the history of science , which has seen repeated upheavals of previous forms of `` settled science . ''",(exists a (forall c (IsSettled(c) and IsHistoryOfScience(a)))) -> (forall d (exists a (exists d (HasRepeatedUpheaval(d) and IsHistoryOfScience(a))))),(exists c (exists a (IsSettled(c) and IsHistoryOfScience(a)))) -> (exists d (exists a (HasRepeatedUpheaval(d) and IsHistoryOfScience(a)))),0
4,4,appeal to emotion,0,"`` When scientists say bears are going extinct , I want people to realize what it looks like . Bears are going to starve to death , '' said Nicklen . ``",(exists b (IsExtinct(b)) & (forall a ( IsGoingExtinct(a) ->  IsStarvingToDeath(a))) & (forall a ( IsStarvingToDeath(a) ->  IsGoingExtinct(a)))) -> (forall c (IsStarvingToDeath(a) and death(c))),(exists b (IsExtinct(b)) & (forall d ( IsGoingExtinct(d) ->  IsStarvingToDeath(d))) & (forall e ( IsStarvingToDeath(e) ->  IsGoingExtinct(e)))) -> (exists c (exists a (IsStarvingToDeath(a) and death(c)))),0
5,5,equivocation,0,"No one and nothing would experience it directly since we all live in regions , not the globe .",(~IsExperiencedDirectly(a) and ~IsExperiencedDirectly(b)) -> (IsInRegion(c) and ~IsInGlobe(e)),(exists a (exists b (~IsExperiencedDirectly(a) and ~IsExperiencedDirectly(b)))) -> (exists e (exists c (IsInRegion(c) and ~IsInGlobe(e)))),0
6,6,intentional,0,"By 2070 , that could be about a third of the overall global population at that time .","(forall c (forall b (forall a (IsOver65(c) and (IsGlobalPopulation(a) and IsPeople(b))))) & (forall e (forall c (forall d ( IsOver65(c) ->  WillHaveIncrease(d,e))))) & (forall e (forall c (forall d ( WillHaveIncrease(d,e) ->  IsOver65(c)))))) -> (exists f (forall e (exists e (exists d (WillHaveIncrease(d,e) and IsIn2070(f))))))","(exists c (exists b (exists a (IsOver65(c) and (IsGlobalPopulation(a) and IsPeople(b))))) & (forall i (forall h (forall g ( IsOver65(g) ->  WillHaveIncrease(h,i))))) & (forall k (forall j (forall l ( WillHaveIncrease(j,k) ->  IsOver65(l)))))) -> (exists e (exists d (exists f (WillHaveIncrease(d,e) and IsIn2070(f)))))",1
7,7,fallacy of logic,0,"Dirty water , dirty air
and insect-borne diseases are a far greater problem today for most people world-wide . Habitat loss and human predation are a far greater problem for most animals . Elephants
won ’ t make it to see a warmer climate .",(IsWarm(b) and ~WillNotReach(a)) -> (IsHabitatLoss(c) and (IsHumanPredation(d) or IsMostAnimals(e))),(exists a (exists b (IsWarm(b) and ~WillNotReach(a)))) -> (exists e (exists c (exists d (IsHabitatLoss(c) and (IsHumanPredation(d) or IsMostAnimals(e)))))),0
8,8,fallacy of extension,0,"The problem with the proponents of man-made climate change theories isn ’ t that they might be wrong . The real issue is the arrogance and zealotry found in people who see science not as an ongoing process , but as a religion .",((IsArrogant(a) and IsZealous(d))) -> (IsReligion(f)),(exists a (exists d ((IsArrogant(a) and IsZealous(d))))) -> (exists f (IsReligion(f))),1
9,9,ad populum,0,"A recent study found that 9 million people died prematurely from pollution-related diseases in 2015 , accounting for 16 % of all deaths worldwide .",(exists a (exists c (exists b (IsDiedPrematurely(b) and (IsFromPollution(c) and IsIn2015(a))))) & (forall e (forall b ( IsDiedPrematurely(b) ->   IsDeaths(e)))) & (forall c (forall d (  IsFromPollution(c) ->  IsCausedBy(d)))) & (forall c (forall d ( IsCausedBy(d) ->   IsFromPollution(c))))) -> (forall f (IsCausedBy(d) and (IsDeaths(e) and IsWorldwide(f)))),(exists c (exists b (exists a (IsDiedPrematurely(b) and (IsFromPollution(c) and IsIn2015(a))))) & (forall h (forall g ( IsDiedPrematurely(g) ->   IsDeaths(h)))) & (forall j (forall i (  IsFromPollution(i) ->  IsCausedBy(j)))) & (forall k (forall l ( IsCausedBy(k) ->   IsFromPollution(l))))) -> (exists e (exists d (exists f (IsCausedBy(d) and (IsDeaths(e) and IsWorldwide(f)))))),1
10,10,intentional,0,"Ice core drilling shows that 800 years after natural warming , the atmosphere increases in carbon dioxide . The zenith of the Little Ice Age was 300 years ago and since then we have slightly warmed and cooled during a long-term warming trend . Instrumental temperature measurements over the past 150 years show no correlation between human emissions of CO2 and ­temperature . On all timescales it can be shown that there is no correlation between CO2 emissions and global warming .","(exists d (forall c (forall b (exists b (exists a (Is800YearsAfter(a) and IsInAtmosphere(c) and IsNaturalWarming(b) and IsCarbonDioxide(d)))))) & (forall e (forall d (forall f ( IsNoCorrelation(e, f) ->   IsCarbonDioxide(d)))))) -> (forall e (exists e (forall f (forall g (IsNoCorrelation(e, f) and IsOnAnyTimescale(g))))))","(exists c (exists a (exists b (exists d (Is800YearsAfter(a) and IsInAtmosphere(c) and IsNaturalWarming(b) and IsCarbonDioxide(d))))) & (forall j (forall h (forall i ( IsNoCorrelation(h,i) ->   IsCarbonDioxide(j)))))) -> (exists e (exists f (exists g (IsNoCorrelation(e, f) and IsOnAnyTimescale(g)))))",0
11,11,intentional,0,There is no proof the current rate of change in Antarctica will continue .,(~IsCurrent(b) and WillContinue(b)) -> (WillNotContinue(a)),(exists b (~IsCurrent(b) and WillContinue(b))) -> (exists a (WillNotContinue(a))),1
12,12,fallacy of credibility,0,"Research shows that this process is overpowering the erosion from sea-level rise , leading to net land-area gain .",(exists b (forall a (IsOverpowering(a) and IsErodedBy(b))) & (forall a ( IsOverpowering(a) ->   Occurs(a)))) -> (forall a (exists c (IsGain(c) and Occurs(a)))),(exists a (exists b (IsOverpowering(a) and IsErodedBy(b))) & (forall e ( IsOverpowering(e) ->   Occurs(e)))) -> (exists c (exists a (IsGain(c) and Occurs(a)))),1
13,13,false dilemma,0,"When it thaws and is released , that carbon may evaporate as methane , which is 34 times as powerful a greenhouse-gas warming blanket as carbon dioxide when judged on the timescale of a century ; when judged on the timescale of two decades , it is 86 times as powerful .","(exists a (IsEvaporated(a))) -> (forall d (forall c (IsAsPowerful(a,c) and IsJudgedOn(a,d))))","(exists a (IsEvaporated(a))) -> (exists c (exists a (exists d (IsAsPowerful(a,c) and IsJudgedOn(a,d)))))",1
14,14,appeal to emotion,0,We are the envy of the world .,() -> (),() -> (),0
15,15,fallacy of credibility,0,"The new research suggests that the oceans hundreds of millions of years ago were much cooler than we thought . If true , that means that the global warming we are currently undergoing is unparallelled within the last 100 million years , and far worse than we had previously calculated .",(forall b (exists a (IsCooler(a) and IsInHundredsOfMillionsOfYearsAgo(b))) & (forall e (forall b (  IsWithinLast100MillionYears(e) ->   IsInHundredsOfMillionsOfYearsAgo(b))))) -> (exists e (forall f (IsUnparalleled(c) and (IsWithinLast100MillionYears(e) and IsWorseThanPreviouslyCalculated(f))))),(exists a (exists b (IsCooler(a) and IsInHundredsOfMillionsOfYearsAgo(b))) & (forall h (forall g (  IsWithinLast100MillionYears(g) ->   IsInHundredsOfMillionsOfYearsAgo(h))))) -> (exists e (exists c (exists f (IsUnparalleled(c) and (IsWithinLast100MillionYears(e) and IsWorseThanPreviouslyCalculated(f)))))),0
16,16,appeal to emotion,0,So it ’ s been a surprise to climate scientists that 2017 has been so remarkably warm — because the last El Niño ended a year ago .,"(IsWarm(b) and IsRemarkablyWarm(b) & (forall c (forall b (forall a ( IsRemarkablyWarm(b) ->  IsSurprisedBy(c,a))))) & (forall c (forall b (forall a ( IsSurprisedBy(c,a) ->  IsRemarkablyWarm(b)))))) -> (IsSurprisedBy(c,a))","(exists b (IsWarm(b) and IsRemarkablyWarm(b)) & (forall e (forall d (forall f ( IsRemarkablyWarm(d) ->  IsSurprisedBy(e,f))))) & (forall i (forall h (forall g ( IsSurprisedBy(g,h) ->  IsRemarkablyWarm(i)))))) -> (exists c (exists a (IsSurprisedBy(c,a))))",1
17,17,fallacy of extension,0,"Although the extent of the summer sea ice after 2006 dropped abruptly to levels not expected until 2050 , the predicted 67-per-cent decline in polar bear numbers simply didn ’ t happen .","(IsAtLevels(a,b) and IsExpectedIn2050(c)) -> (~IsPredicted(d))","(exists c (exists a (exists b (IsAtLevels(a,b) and IsExpectedIn2050(c))))) -> (exists d (~IsPredicted(d)))",1
18,18,ad populum,0,"Not only do polls suggest the public is unmoved at home and in abroad , serial exaggeration at this point is arguably backfiring , confirming the perils of climate exaggeration .",(forall a (IsUnmoved(a) and IsAtHome(b) or IsAbroad(c))) -> (exists e (exists d (IsBackfiring(d) and IsConfirming(e)))),(exists c (exists a (exists b (IsUnmoved(a) and IsAtHome(b) or IsAbroad(c))))) -> (exists e (exists d (IsBackfiring(d) and IsConfirming(e)))),1
19,19,ad hominem,0,Green activists are at war with the greatest American foe since the Axis Powers—or so they say .,(forall a (IsAtWarWith(a))) -> (exists c (exists b (IsTheGreatest(a) and (IsAmerican(b) and IsAxisPowers(c))))),(exists a (IsAtWarWith(a))) -> (exists c (exists a (exists b (IsTheGreatest(a) and (IsAmerican(b) and IsAxisPowers(c)))))),0
20,20,false dilemma,0,"Global warming is not even the obvious top environmental threat . Dirty water , dirty air
and insect-borne diseases are a far greater problem today for most people world-wide .",(forall b (exists a (IsObvious(b) and IsTopEnvironmentalThreat(a))) & (forall d (forall b (  IsFarGreater(d) ->  IsObvious(b))))) -> (exists d (forall g ((IsInsectBorne(e) and IsFarGreater(d)) and (IsForMostPeople(f) and IsWorldWide(g))))),(exists a (exists b (IsObvious(b) and IsTopEnvironmentalThreat(a))) & (forall h (forall i (  IsFarGreater(h) ->  IsObvious(i))))) -> (exists e (exists d (exists f (exists g ((IsInsectBorne(e) and IsFarGreater(d)) and (IsForMostPeople(f) and IsWorldWide(g))))))),0
21,21,ad hominem,0,"And for the media it ’ s ideology , money , and headlines .",(forall b (IsIdeologyFor(b))) -> (exists a (IsImportantFor(b) and (IsMoney(c) or IsHeadlines(a)))),(exists b (IsIdeologyFor(b))) -> (exists c (exists b (exists a (IsImportantFor(b) and (IsMoney(c) or IsHeadlines(a)))))),1
22,22,faulty generalization,0,"The Earth has experienced five mass extinctions before the one we are living through now , each so complete a slate-wiping of the evolutionary record it functioned as a resetting of the planetary clock , and many climate scientists will tell you they are the best analog for the ecological future we are diving headlong into .","(HasExperienced(a) & (forall a (forall d ( HasExperienced(a) ->   IsSimilarTo(d, a))))) -> (Believe(c) and IsSimilarTo(d, a))","(exists a (HasExperienced(a)) & (forall e (forall f (forall g ( HasExperienced(e) ->   IsSimilarTo(f,g)))))) -> (exists c (exists a (exists d (Believe(c) and IsSimilarTo(d, a)))))",1
23,23,intentional,0,"The highest record temperature ever reported was 136 degrees Fahrenheit in Libya in 1922 . The record high temperature for the United States was 134 degrees Fahrenheit in Death Valley , California in 1913 . Fossil fuel emissions in 1913 and 1922 were negligible compared to today .","(IsHighestRecordTemperature(b) and IsInLibya(c) and IsIn1922(a)) -> (IsNegligibleComparedTo(d, a) and ~IsNegligibleComparedTo(f))","(exists c (exists b (exists a (IsHighestRecordTemperature(b) and IsInLibya(c) and IsIn1922(a))))) -> (exists d (exists f (exists a (IsNegligibleComparedTo(d, a) and ~IsNegligibleComparedTo(f)))))",0
24,24,intentional,0,"In the very year they had forecast that the Arctic would be “ ice free ” , its thickness increased by a third . Polar bear numbers are rising , not falling . Temperatures in Greenland have shown no increase for decades .",(forall a (IsPredictedToBeIceFree(a) and ~IncreasedByAThird(b))) -> (exists c (IsRising(c))),(exists a (exists b (IsPredictedToBeIceFree(a) and ~IncreasedByAThird(b)))) -> (exists c (IsRising(c))),1
25,25,fallacy of extension,0,"Why , between 2009 and 2014 , did Defra spend a whopping £12.5 million on an ocean acidification research programme when the issue could have been resolved , for next to nothing , after a few hours ’ basic research ?","(forall d (IsDefra(a) and WasBetween(c,d))) -> (exists e (IsIssueOfOceanAcidification(e) and (IsNextToNothing(f) and IsBasicResearch(g))))","(exists c (exists a (exists d (IsDefra(a) and WasBetween(c,d))))) -> (exists e (exists f (exists g (IsIssueOfOceanAcidification(e) and (IsNextToNothing(f) and IsBasicResearch(g))))))",0
26,26,faulty generalization,0,"For decades , most scientists saw climate change as a distant prospect .",(exists a (MostScientists(b) and IsDistant(a))) -> (forall c (IsUrgent(c))),(exists a (exists b (MostScientists(b) and IsDistant(a)))) -> (exists c (IsUrgent(c))),1
27,27,appeal to emotion,0,"If your anxiety about global warming is dominated by fears of sea-level rise , you are barely scratching the surface of what terrors are possible , even within the lifetime of a teenager today .",(IsBarelyScratching(a) and ArePossible(b)) -> (IsExperiencing(c)),(exists a (exists b (IsBarelyScratching(a) and ArePossible(b)))) -> (exists c (IsExperiencing(c))),1
28,28,intentional,0,"Skeptics have long pointed to ice gain in the Southern Hemisphere as evidence climate change wasn ’ t occurring , but scientists warned that it was caused by natural variations and circulations in the atmosphere .",(exists c (exists b (IsWarned(a) and (IsCausedBy(b) and IsIn(c))))) -> (forall e (Isn'tOccurring(f) and ~IsOccurring(e))),(exists c (exists a (exists b (IsWarned(a) and (IsCausedBy(b) and IsIn(c)))))) -> (exists e (exists f (Isn'tOccurring(f) and ~IsOccurring(e)))),1
29,29,intentional,0,"Furthermore , the overall increases in such things as hurricanes and tornadoes have not materialized . Drought in the western U.S. pales in comparison to the mega-droughts tree rings tell us existed in centuries past . Lake-bottom sediments in Florida tell us that recent major hurricane activity in the Gulf of Mexico has been less frequent than in centuries past . Strong Sandy-type storms occur every year in all the major ocean basins… they just don ’ t happen to hit major metropolitan areas .","(exists b (forall a (IsIncreased(a) and ~IsNotMaterialized(b,c)))) -> (forall d (exists d (IsLessFrequent(d) and (IsInGulfOfMexico(e) and IsInCenturiesPast(f)))))","(exists c (exists a (exists b (IsIncreased(a) and ~IsNotMaterialized(b,c))))) -> (exists e (exists d (exists f (IsLessFrequent(d) and (IsInGulfOfMexico(e) and IsInCenturiesPast(f))))))",1
30,30,ad hominem,0,Should we trust these computer models of doom ?,(forall c (IsPrediction(c) and ~IsDoom(a))) -> (exists a (exists e (IsTrustworthy(e) and ~IsDoom(a)))),(exists c (exists a (IsPrediction(c) and ~IsDoom(a)))) -> (exists e (exists a (IsTrustworthy(e) and ~IsDoom(a)))),0
31,31,false causality,0,"The rise in Arctic temperatures is probably also tied to a sudden warming of the stratosphere , the atmospheric layer about 30,000 feet high — above where most weather happens — that occurred several weeks ago , Moore said .","(IsTiedTo(a,b) and IsSudden(a) & (forall c (forall a (forall b ( IsTiedTo(a,b) ->  IsOccurred(a,c))))) & (forall c (forall a (  IsSudden(a) ->  IsOccurred(a,c))))) -> (IsOccurred(a,c) and IsSeveralWeeksAgo(c))","(exists a (exists b (IsTiedTo(a,b) and IsSudden(a))) & (forall e (forall d (forall f ( IsTiedTo(d,e) ->  IsOccurred(d,f))))) & (forall h (forall g (  IsSudden(g) ->  IsOccurred(g,h))))) -> (exists c (exists a (IsOccurred(a,c) and IsSeveralWeeksAgo(c))))",1
32,32,false dilemma,0,The World Coal Association disputed the conclusion that stopping global warming calls for an end of coal use .,(exists c (IsDisputed(b) and IsEnded(c)) & (forall c (forall d (  IsEnded(c) ->  IsNotNecessary(d)))) & (forall c (forall d ( IsNotNecessary(d) ->   IsEnded(c)))) & (forall c (forall a (  IsEnded(c) ->   IsStopped(a))))) -> (forall a (IsNotNecessary(d) and IsStopped(a))),(exists c (exists b (IsDisputed(b) and IsEnded(c))) & (forall e (forall f (  IsEnded(e) ->  IsNotNecessary(f)))) & (forall h (forall g ( IsNotNecessary(g) ->   IsEnded(h)))) & (forall j (forall i (  IsEnded(i) ->   IsStopped(j))))) -> (exists d (exists a (IsNotNecessary(d) and IsStopped(a)))),0
33,33,fallacy of logic,0,The problem with this ploy is that carbon dioxide is not a pollutant and it is dishonest to say it is .,(~IsAPollutant(b)) -> (IsDishonest(e)),(exists b (~IsAPollutant(b))) -> (exists e (IsDishonest(e))),0
34,34,appeal to emotion,0,"“ It ’ s sobering to think of this magnificent landscape and how fundamentally it can change over a relatively short time period , ” he added .",(IsMelting(a) and IsAlarming(b)) -> (IsAffected(c)),(exists a (exists b (IsMelting(a) and IsAlarming(b)))) -> (exists c (IsAffected(c))),1
35,35,fallacy of credibility,0,"NASA honored him for this achievement , and he was an author for a previous edition of the U.N. report . He told a House Science Committee hearing in March 2017 that the U.N. climate models have failed badly . Christy compared the average model projections since 1979 to the most reliable observations — those made by satellites and weather balloons over the vast tropics .",(forall c (forall b (exists b (IsHonoredByNASA(b) and HasAchievement(c)))) & (forall e (forall c (  IsInHouseScienceCommittee(e) ->   HasAchievement(c)))) & (forall c (forall f (  IsInMarch2017(f) ->   HasAchievement(c))))) -> (exists f (forall d (IsTold(d) and (IsInHouseScienceCommittee(e) and IsInMarch2017(f)) and AreFailed(g)))),(exists c (exists b (IsHonoredByNASA(b) and HasAchievement(c))) & (forall h (forall i (  IsInHouseScienceCommittee(h) ->   HasAchievement(i)))) & (forall k (forall j (  IsInMarch2017(j) ->   HasAchievement(k))))) -> (exists e (exists d (exists f (exists g (IsTold(d) and (IsInHouseScienceCommittee(e) and IsInMarch2017(f)) and AreFailed(g)))))),1
36,36,appeal to emotion,0,"The 2009 Black Saturday bushfires , which claimed the lives of 173 Australians , are etched into the national consciousness . But in the heatwave that led up to the fires , the number of deaths soared .",(forall c (IsIn2009(a) and (IsOnBlackSaturday(b) and AreAustralians(c)))) -> (exists d (IsSoared(d) and (IsInHeatwave(e) and IsOnFires(f)))),(exists c (exists a (exists b (IsIn2009(a) and (IsOnBlackSaturday(b) and AreAustralians(c)))))) -> (exists e (exists d (exists f (IsSoared(d) and (IsInHeatwave(e) and IsOnFires(f)))))),1
37,37,fallacy of credibility,0,Anew study produced by a University of Wisconsin-Madison geoscientist and Northwestern astrophysicist presents an explanation of the fluctuations of the earth 's temperatures that global warming alarmists are going to make sure to bury :,(exists c (exists b (IsVarious(b) and (IsOutput(b) and IsOver(c)))) & (forall c (forall d ( IsBury(d) ->   IsOver(c))))) -> (forall e (IsBury(d) and IsStudy(e))),(exists c (exists b (IsVarious(b) and (IsOutput(b) and IsOver(c)))) & (forall f (forall g ( IsBury(f) ->   IsOver(g))))) -> (exists e (exists d (IsBury(d) and IsStudy(e)))),0
38,38,ad hominem,0,Global warming activists ’ propensity for doing so shows just how little value they place in a truthful debate .,"(exists b (~IsValuing(a,b))) -> (forall c (~IsValuing(a,c)))","(exists a (exists b (~IsValuing(a,b)))) -> (exists c (exists a (~IsValuing(a,c))))",0
39,39,intentional,0,"Some one billion people would be forced to attempt to relocate from unlivable conditions , and two billion would face scarcity of water supplies . Agriculture would collapse in the sub-tropics , and food production would suffer dramatically worldwide . The internal cohesion of nation-states like the US and China would unravel .","(forall c (exists b (forall a (exists a (IsSomeone(a) and (AreBillionPeople(b) and AreUnlivableConditions(c)))))) & (forall e (forall c (forall f (  IsUnraveling(e,f) ->   AreUnlivableConditions(c)))))) -> (forall f (exists f (forall e (IsNationState(d) and (IsUnraveling(e,f) or IsUnraveling(f,e))))))","(exists c (exists a (exists b (IsSomeone(a) and (AreBillionPeople(b) and AreUnlivableConditions(c))))) & (forall i (forall h (forall g (  IsUnraveling(g,h) ->   AreUnlivableConditions(i)))))) -> (exists e (exists d (exists f (IsNationState(d) and (IsUnraveling(e,f) or IsUnraveling(f,e))))))",0
40,40,appeal to emotion,0,"Interstates are under feet of water , local authorities have asked boat owners to join rescue efforts , and most of the streams and rivers near the city are in flood stage .","(IsUnderFeetOfWater(a) and IsWater(b)) -> (ShouldJoin(d,e))","(exists a (exists b (IsUnderFeetOfWater(a) and IsWater(b)))) -> (exists e (exists d (ShouldJoin(d,e))))",1
41,41,appeal to emotion,0,"Even then , the report found that polar bears were moving from ice to land earlier and staying on land longer , unhealthily extending the bears ' fasting season . By the end of summer , most bears studied by the World Wildlife Fund showed signs of starvation . Fifteen years later , polar bears ' icy hunting grounds are in even worse shape .",(exists a (IsOnLand(a) and (IsMovingFromIceToLand(a) and IsStayingOnLandLonger(a)))) -> (forall e (IsOnIcyHuntingGrounds(e) and IsExperiencingStarvation(a))),(exists a (IsOnLand(a) and (IsMovingFromIceToLand(a) and IsStayingOnLandLonger(a)))) -> (exists e (exists a (IsOnIcyHuntingGrounds(e) and IsExperiencingStarvation(a)))),1
42,42,intentional,0,"If ECS is as low as the Energy Balance literature suggests , it means that the climate models we have been using for decades run too hot and need to be revised .",(exists a (IsLow(a))) -> (forall c (IsRevised(c))),(exists a (IsLow(a))) -> (exists c (IsRevised(c))),1
43,43,false dilemma,0,"To the extent that the cost of weather disasters has risen over time , that is well known to be the result of modern society building more infrastructure in areas that are prone to damage from weather—which is almost everywhere .","(forall b (exists b (IsRisenOverTime(b)))) -> (exists d (forall c ((IsBuiltIn(c,d) and IsAlmostEverywhere(e)))))","(exists b (IsRisenOverTime(b))) -> (exists e (exists c (exists d ((IsBuiltIn(c,d) and IsAlmostEverywhere(e))))))",1
44,44,intentional,0,Construction and maintenance of wind and solar facilities ­release far more carbon dioxide than they are meant to save over their working lives and they need to be sup­ported 24/7 by coal-fired generators .,"(forall d (forall b (exists a ((IsReleasedMore(a,b) and SavesMore(c,d)) and ~They(d))))) -> (forall f (IsNeeded(e,f) and (IsWind(f) and IsSolar(f))))","(exists c (exists a (exists b (exists d ((IsReleasedMore(a,b) and SavesMore(c,d)) and ~They(d)))))) -> (exists e (exists f (IsNeeded(e,f) and (IsWind(f) and IsSolar(f)))))",0
45,45,intentional,0,"Others have argued that the records were caused by El Nino , a complex natural phenomenon that takes place every few years , and has nothing to do with greenhouse gas emissions by humans .","(IsCausedBy(a)) -> (IsNothingToDoWith(a,b) and ~IsEmittedBy(c))","(exists a (IsCausedBy(a))) -> (exists c (exists a (exists b (IsNothingToDoWith(a,b) and ~IsEmittedBy(c)))))",1
46,46,fallacy of logic,0,"Salmon are crucial to their coastal ecosystem like perhaps few other species on the planet . A significant portion of the nitrogen in West Coast forests has been traced back to salmon , which can travel hundreds of miles upstream to lay their eggs . The largest trees on Earth simply wouldn ’ t exist without salmon .","(forall b (IsCrucialTo(a,b))) -> (exists d (forall c (exists a (IsWithout(a,c) and (AreLargestTreesOnEarth(d) or ~IsOnEarth(d))))))","(exists a (exists b (IsCrucialTo(a,b)))) -> (exists c (exists a (exists d (IsWithout(a,c) and (AreLargestTreesOnEarth(d) or ~IsOnEarth(d))))))",1
47,47,intentional,0,"Furthermore , whereas in 2008 most of the ice was extremely thin , this year most has been at least two metres thick .",(exists a (IsThin(a) and WasIn2008(b)) & (forall d (forall b (  WasIn2008(b) ->   IsThisYear(d)))) & (forall d (forall b (  IsThisYear(d) ->   WasIn2008(b))))) -> (forall d (IsAtLeastTwoMetersThick(a) and IsThisYear(d))),(exists a (exists b (IsThin(a) and WasIn2008(b))) & (forall e (forall f (  WasIn2008(e) ->   IsThisYear(f)))) & (forall h (forall g (  IsThisYear(g) ->   WasIn2008(h))))) -> (exists a (exists d (IsAtLeastTwoMetersThick(a) and IsThisYear(d)))),1
48,48,fallacy of extension,0,Adding more CO2 molecules to the atmosphere is like painting over a red wall with white paint — the first coat does most of the work of concealing the red .,"(exists c (IsAddedTo(a,b) and IsConcealedBy(a,c))) -> (forall f (IsFirstCoat(d) and IsConcealedBy(e,f)))","(exists c (exists a (exists b (IsAddedTo(a,b) and IsConcealedBy(a,c))))) -> (exists e (exists d (exists f (IsFirstCoat(d) and IsConcealedBy(e,f)))))",1
49,49,fallacy of extension,0,"To limit global warming to 1.5 degree C is “ possible within the laws of chemistry and physics , ” said Jim Skea , co-chair of IPCC Working Group III . “ But doing so would require unprecedented changes . ”",(exists b (IsWithinLawsOfChemistryAndPhysics(b))) -> (forall a (IsRequired(a) and IsWithinLawsOfChemistryAndPhysics(b))),(exists b (IsWithinLawsOfChemistryAndPhysics(b))) -> (exists a (exists b (IsRequired(a) and IsWithinLawsOfChemistryAndPhysics(b)))),1
50,50,fallacy of relevance,0,The role of the sun and clouds was not considered important by modellers . They are the major drivers for the climate on our planet .,"(IsImportantFor(a,c) and IsClimate(c)) -> (IsNotImportantFor(a,d) and DidNotConsider(e))","(exists c (exists a (IsImportantFor(a,c) and IsClimate(c)))) -> (exists e (exists a (exists d (IsNotImportantFor(a,d) and DidNotConsider(e)))))",0
51,51,appeal to emotion,0,In this scenario they may still have the opportunity to visit a living Great Barrier Reef .,"(IsVisit(a,b) and HasOpportunity(a,b)) -> (IsLiving(c))","(exists a (exists b (IsVisit(a,b) and HasOpportunity(a,b)))) -> (exists c (IsLiving(c)))",0
52,52,appeal to emotion,0,"The melting Greenland ice sheet is already a major contributor to rising sea level and if it was eventually lost entirely , the oceans would rise by six metres around the world , flooding many of the world ’ s largest cities .",(forall b (IsInGreenland(a) and ContributesTo(b)) & (forall c (forall b (  ContributesTo(b) ->   RisesBy(c)))) & (forall c (forall b (  RisesBy(c) ->   ContributesTo(b)))) & (forall e (forall b (  Floods(e) ->   ContributesTo(b))))) -> (forall d (exists c (exists a (IsLost(a) and (RisesBy(c) and Contains(d)))))),(exists a (exists b (IsInGreenland(a) and ContributesTo(b))) & (forall f (forall g (  ContributesTo(f) ->   RisesBy(g)))) & (forall h (forall i (  RisesBy(h) ->   ContributesTo(i)))) & (forall k (forall j (  Floods(j) ->   ContributesTo(k))))) -> (exists c (exists a (exists d (IsLost(a) and (RisesBy(c) and Contains(d)))))),1
53,53,intentional,0,In recent years there has been more polar ice in the world than at any time since satellite records began in 1979 .,(forall d (forall c (exists c (forall b (IsInPolarIce(b) and (IsInWorld(c) and IsSinceSatelliteRecords(d)))))) & (forall b (forall g ( IsInPolarIce(b) ->   IsInPolarIceIncrease(g)))) & (forall b (forall g (  IsInPolarIceIncrease(g) ->  IsInPolarIce(b)))) & (forall c (forall f (  IsInWorld(c) ->  IsExperiencing(f)))) & (forall c (forall f ( IsExperiencing(f) ->   IsInWorld(c)))) & (forall e (forall f (  IsIn1979(e) ->  IsExperiencing(f))))) -> (forall f (exists g (IsExperiencing(f) and IsInPolarIceIncrease(g)))),(exists c (exists b (exists d (IsInPolarIce(b) and (IsInWorld(c) and IsSinceSatelliteRecords(d))))) & (forall h (forall i ( IsInPolarIce(h) ->   IsInPolarIceIncrease(i)))) & (forall k (forall j (  IsInPolarIceIncrease(j) ->  IsInPolarIce(k)))) & (forall m (forall l (  IsInWorld(l) ->  IsExperiencing(m)))) & (forall o (forall n ( IsExperiencing(n) ->   IsInWorld(o)))) & (forall q (forall p (  IsIn1979(p) ->  IsExperiencing(q))))) -> (exists f (exists g (IsExperiencing(f) and IsInPolarIceIncrease(g)))),1
54,54,fallacy of logic,0,"And on and on it goes — there are 80 graphs in all , each showing in its different way why the scare about global warming has been horribly overdone because the evidence just doesn ’ t support its being unusual or a problem .",(exists e (exists d (Is80(c) and (IsGlobalWarming(a) and IsScare(d)) and IsOverdone(e))) & (forall a (  IsGlobalWarming(a) ->  IsInGlobalWarming(a))) & (forall a ( IsInGlobalWarming(a) ->   IsGlobalWarming(a))) & (forall a (  IsGlobalWarming(a) ->   IsProblem(a)))) -> (forall a (IsInGlobalWarming(a) and ~IsUnusual(g) and ~IsProblem(a))),(exists e (exists c (exists d (exists a (Is80(c) and (IsGlobalWarming(a) and IsScare(d)) and IsOverdone(e))))) & (forall i (  IsGlobalWarming(i) ->  IsInGlobalWarming(i))) & (forall j ( IsInGlobalWarming(j) ->   IsGlobalWarming(j))) & (forall k (  IsGlobalWarming(k) ->   IsProblem(k)))) -> (exists a (exists g (IsInGlobalWarming(a) and ~IsUnusual(g) and ~IsProblem(a)))),1
55,55,faulty generalization,0,"As we have already seen , during this time , the Northern Hemisphere experienced ‘ The Little Ice Age ’ where crops failed and plague wiped out tens of millions of people showing a clear correlation between solar activity and temperature on Earth . Likewise , there was also high solar activity during the Medieval Warm Period .","(forall c (exists c (exists a (exists b (IsHigh(a) and OccurredDuring(b,c))))) & (forall e (forall a ( IsHigh(a) ->   HasCorrelation(a,e)))) & (forall e (forall a (  HasCorrelation(a,e) ->  IsHigh(a)))) & (forall e (forall c (forall b (forall a (  OccurredDuring(b,c) ->   HasCorrelation(a,e))))))) -> (exists e (forall a (forall d (IsClear(d) and HasCorrelation(a,e)))))","(exists c (exists a (exists b (IsHigh(a) and OccurredDuring(b,c)))) & (forall h (forall g ( IsHigh(g) ->   HasCorrelation(g,h)))) & (forall j (forall i (  HasCorrelation(i,j) ->  IsHigh(i)))) & (forall k (forall n (forall m (forall l (  OccurredDuring(k,l) ->   HasCorrelation(m,n))))))) -> (exists e (exists d (exists a (IsClear(d) and HasCorrelation(a,e)))))",0
56,56,intentional,0,"And last month , Brown told a conference at the Vatican that the world needed “ brain washing ” on climate change .","(IsSays(b,a) and IsNeeds(b,c)) -> (IsNecessary(d,a))","(exists c (exists a (exists b (IsSays(b,a) and IsNeeds(b,c))))) -> (exists d (exists a (IsNecessary(d,a))))",1
57,57,appeal to emotion,0,"The glaciers of Pine Island Bay are two of the largest and fastest-melting in Antarctica . ( A Rolling Stone feature earlier this year dubbed Thwaites “ The Doomsday Glacier. ” ) Together , they act as a plug holding back enough ice to pour 11 feet of sea-level rise into the world ’ s oceans — an amount that would submerge every coastal city on the planet .",(IsInPineIslandBay(a) and (AreFastestMelting(b) and IsInAntarctica(c)) & (forall b (  AreFastestMelting(b) ->  IsMelt(b)))) -> (IsMelt(b) and (AreSubmerged(d) and IsOnPlanet(e))),(exists c (exists a (exists b (IsInPineIslandBay(a) and (AreFastestMelting(b) and IsInAntarctica(c))))) & (forall f (  AreFastestMelting(f) ->  IsMelt(f)))) -> (exists e (exists d (exists b (IsMelt(b) and (AreSubmerged(d) and IsOnPlanet(e)))))),1
58,58,faulty generalization,0,"Objective data show there has been a gradual increase in global precipitation and soil moisture as our planet warms . Warmer temperatures evaporate more water from the oceans , which in turn stimulates more frequent precipitation over continental land masses . The result of this enhanced precipitation is an improvement in soil moisture at almost all sites in the Global Soil Moisture Data Bank . If declining precipitation and declining soil moisture are military threat multipliers , than global warming is creating a safer , more peaceful world .","(exists c (IsLeadsTo(a,b) and IsImprovedSoilMoisture(c)) & (forall a (forall b ( IsLeadsTo(a,b) ->  IsCreating(a))))) -> (forall d (IsCreating(a) and (IsSafer(d) and IsMorePeaceful(d))))","(exists c (exists a (exists b (IsLeadsTo(a,b) and IsImprovedSoilMoisture(c)))) & (forall e (forall f ( IsLeadsTo(e,f) ->  IsCreating(e))))) -> (exists a (exists d (IsCreating(a) and (IsSafer(d) and IsMorePeaceful(d)))))",1
59,59,false causality,0,"Also , the modest recent warming is producing U.S. and global crop production records virtually every year , creating billions of dollars in new economic and human welfare benefits each and every year .",(IsRecent(a) and HasCropProductionRecords(b)) -> (IsInDollars(c) and (HasNewEconomicBenefits(d) and HasNewHumanWelfareBenefits(e)) and IsEachYear(f)),(exists a (exists b (IsRecent(a) and HasCropProductionRecords(b)))) -> (exists e (exists c (exists f (exists d (IsInDollars(c) and (HasNewEconomicBenefits(d) and HasNewHumanWelfareBenefits(e)) and IsEachYear(f)))))),0
60,60,fallacy of credibility,0,Cato Institute scientists Patrick Michaels and Chip Knappenberger have noted the climate models have been over-hyping warming for decades . Scientist John Christy of the University of Alabama-Huntsville has testified before Congress on the matter . Christy ’ s research has shown climate models show 2.5 times more warming in the bulk atmosphere than has been observed . ...,(IsAtCatoInstitute(b) and HasOverhypedWarming(c) & (forall f (forall b ( IsAtCatoInstitute(b) ->   HasBeenObserved(f))))) -> (HasMoreWarmingInBulkAtmosphere(a) and ~HasBeenObserved(f)),(exists c (exists b (IsAtCatoInstitute(b) and HasOverhypedWarming(c))) & (forall h (forall i ( IsAtCatoInstitute(h) ->   HasBeenObserved(i))))) -> (exists a (exists f (HasMoreWarmingInBulkAtmosphere(a) and ~HasBeenObserved(f)))),0
61,61,fallacy of credibility,0,"Howard Browman , a marine scientist for 35 years , has published a review in the ICES Journal of Marine Science of all the papers published on the subject . His verdict could hardly be more damning . The methodology used by the studies was often flawed ; contrary studies suggesting that ocean acidification wasn ’ t a threat had sometimes had difficulty finding a publisher .",(exists c (forall b (IsPublished(a) and (IsAboutOceanAcidification(b) and IsACollectionOf(c))))) -> (forall d (exists e (exists d (IsFlawed(e) and (IsMethodology(d) and IsFlawed(e)))))),(exists c (exists a (exists b (IsPublished(a) and (IsAboutOceanAcidification(b) and IsACollectionOf(c)))))) -> (exists e (exists d (IsFlawed(e) and (IsMethodology(d) and IsFlawed(e))))),0
62,62,intentional,0,"In June last year , a severe heatwave claimed over 1,000 lives in Karachi , Pakistan . Severe drought caused food shortages for millions of people in Ethiopia , with a lack of rainfall resulting in “ intense and widespread ” forest fires in Indonesia that belched out a vast quantity of greenhouse gas .","(IsSevereHeatwave(a) and IsClaimed(a,b)) -> (IsCaused(c,d) and (IsFor(d,e) and IsIn(f)))","(exists a (exists b (IsSevereHeatwave(a) and IsClaimed(a,b)))) -> (exists e (exists c (exists f (exists d (IsCaused(c,d) and (IsFor(d,e) and IsIn(f)))))))",1
63,63,intentional,0,The rate of sea-level rise has not accelerated .,(~IsAccelerated(c)) -> (IsGoodNewsFor(a)),(exists c (~IsAccelerated(c))) -> (exists a (IsGoodNewsFor(a))),1
64,64,false dilemma,0,Just because we are alive today does not mean we change major planetary systems that operated for billions of years .,"(forall a (IsChanged(a,b))) -> (exists c (IsAlive(a,c)))","(exists a (exists b (IsChanged(a,b)))) -> (exists c (exists a (IsAlive(a,c))))",0
65,65,appeal to emotion,0,,() -> (),() -> (),0
66,66,fallacy of credibility,0,"“ The predictions of what ’ s going to happen over the next 20 , 30 , 40 years — it ’ s real , ” said Mr. Tuckman , the founder of a company offering creative services to the retail industry .",(forall b (IsPredictions(b))) -> (exists d (exists c (IsWorst(d) and (IsPrepared(c) or IsBad(d))))),(exists b (IsPredictions(b))) -> (exists c (exists d (IsWorst(d) and (IsPrepared(c) or IsBad(d))))),1
67,67,fallacy of relevance,0,"In the past decade China has increased its carbon dioxide emissions by 53 per cent , 12 times Australia ’ s total carbon dioxide output of 1.3 per cent of the global total .","(exists b (IsIncreasedBy(b,a) and IsInPastDecade(c)) & (forall a (forall b ( IsLargestEmiter(a) ->  IsIncreasedBy(b,a))))) -> (forall a (IsLargestEmiter(a)))","(exists c (exists a (exists b (IsIncreasedBy(b,a) and IsInPastDecade(c)))) & (forall e (forall d ( IsLargestEmiter(d) ->  IsIncreasedBy(e,d))))) -> (exists a (IsLargestEmiter(a)))",1
68,68,appeal to emotion,0,"At six feet , though , around 12 million people in the United States would be displaced , and the world ’ s most vulnerable megacities , like Shanghai , Mumbai , and Ho Chi Minh City , could be wiped off the map .",(forall a (IsDisplaced(a))) -> (exists e (exists d (exists c ((IsWipedOffTheMap(c) and IsWipedOffTheMap(d)) or IsWipedOffTheMap(e))))),(exists a (IsDisplaced(a))) -> (exists e (exists c (exists d ((IsWipedOffTheMap(c) and IsWipedOffTheMap(d)) or IsWipedOffTheMap(e))))),1
69,69,appeal to emotion,0,And then you get scared .,(IsScared(b)) -> (IsReal(c)),(exists b (IsScared(b))) -> (exists c (IsReal(c))),1
70,70,fallacy of credibility,0,"Extreme melting and changes to the climate may have released pressure on to the continent , allowing the ground to rise up , a Nature report claims .",(IsRisingUp(b)) -> (IsChanging(c)),(exists b (IsRisingUp(b))) -> (exists c (IsChanging(c))),1
71,71,appeal to emotion,0,Australia ’ s symbolic suicidal climate policy just makes everybody poorer .,(IsSymbolic(b) and (IsClimatePolicy(a) and IsEverybody(d)) and IsPoorer(c)) -> (IsSymbolic(b) and IsSuicidal(e)),(exists c (exists a (exists b (exists d (IsSymbolic(b) and (IsClimatePolicy(a) and IsEverybody(d)) and IsPoorer(c)))))) -> (exists e (exists b (IsSymbolic(b) and IsSuicidal(e)))),0
72,72,fallacy of relevance,0,"As the BBC reported in May , scientists suspect smallpox and the bubonic plague are trapped in Siberian ice , too — an abridged history of devastating human sickness , left out like egg salad in the Arctic sun .","(exists b (IsSuspected(a) and IsTrappedIn(d,b))) -> (forall e (IsHuman(e) and HasDevastated(f)))","(exists a (exists b (exists d (IsSuspected(a) and IsTrappedIn(d,b))))) -> (exists e (exists f (IsHuman(e) and HasDevastated(f))))",1
73,73,ad hominem,0,,() -> (),() -> (),0
74,74,false dilemma,0,"The highest record temperature ever reported was 136 degrees Fahrenheit in Libya in 1922 . The record high temperature for the United States was 134 degrees Fahrenheit in Death Valley , California in 1913 . Fossil fuel emissions in 1913 and 1922 were negligible compared to today .","(IsHighestRecordTemperature(b) and IsInLibya(c) and IsIn1922(a)) -> (IsNegligibleComparedTo(d, a) and ~IsNegligibleComparedTo(f))","(exists c (exists b (exists a (IsHighestRecordTemperature(b) and IsInLibya(c) and IsIn1922(a))))) -> (exists d (exists f (exists a (IsNegligibleComparedTo(d, a) and ~IsNegligibleComparedTo(f)))))",0
75,75,fallacy of relevance,0,"Without carbon dioxide , there would be no complex life on earth .","(forall c (IsInCarbonDioxide(a) and HasComplexLife(c) and IsOnEarth(b)) & (forall a (forall b ( IsInCarbonDioxide(a) ->  DependsOn(a,b)))) & (forall a (forall b ( DependsOn(a,b) ->  IsInCarbonDioxide(a)))) & (forall a (forall b ( DependsOn(a,b) ->   IsOnEarth(b))))) -> (exists b (exists a (DependsOn(a,b))))","(exists c (exists a (exists b (IsInCarbonDioxide(a) and HasComplexLife(c) and IsOnEarth(b)))) & (forall e (forall f ( IsInCarbonDioxide(e) ->  DependsOn(e,f)))) & (forall h (forall g ( DependsOn(g,h) ->  IsInCarbonDioxide(g)))) & (forall j (forall i ( DependsOn(i,j) ->   IsOnEarth(j))))) -> (exists a (exists b (DependsOn(a,b))))",1
76,76,intentional,0,"News flash , Mr. President : Alaska has been buffeted by cyclical swings in climate for thousands of years . That ’ s true for the rest of the world , too . There was a 300-year-long Medieval heat wave , followed by a Little Ice Age that began around 1300 , and then the 300-year warming period we ’ re in now .",(forall c (forall b (IsInAlaska(a) and HasCyclicalSwings(b) and HasClimate(c))) & (forall e (forall a ( IsInAlaska(a) ->   Is300YearLong(e))))) -> (exists g (forall f (exists e (exists d (IsThere(d) and (Is300YearLong(e) and IsMedieval(f)) and HasHeatWave(g)))))),(exists c (exists a (exists b (IsInAlaska(a) and HasCyclicalSwings(b) and HasClimate(c)))) & (forall h (forall i ( IsInAlaska(h) ->   Is300YearLong(i))))) -> (exists e (exists d (exists f (exists g (IsThere(d) and (Is300YearLong(e) and IsMedieval(f)) and HasHeatWave(g)))))),1
77,77,fallacy of relevance,0,"Brazil , the world ’ s largest exporter of red meat , holds around 212 million cattle . ( In June , the U.S. temporarily suspended imports of beef from Brazil due to abscesses , collections of pus , in the meat . )",(exists b (IsExports(a) and IsRedMeat(b))) -> (forall e (HasAbscesses(a) and (IsInMeat(e) and  HasCollectionsOfPus(d)))),(exists a (exists b (IsExports(a) and IsRedMeat(b)))) -> (exists e (exists a (exists d (HasAbscesses(a) and (IsInMeat(e) and  HasCollectionsOfPus(d)))))),1
78,78,equivocation,0,"Those eruptions meant there was more subsequent warming in the following years , making the rate of warming appear to be rising as a result of man-made emissions or other factors , Christy said .",(forall c (forall b (IsSubsequent(b) and IsWarming(b) and IsFollowing(c))) & (forall f (forall b ( IsSubsequent(b) ->   IsRising(f)))) & (forall f (forall b (  IsRising(f) ->  IsSubsequent(b)))) & (forall f (forall b (  IsWarming(b) ->   IsRising(f)))) & (forall f (forall b (  IsRising(f) ->   IsWarming(b))))) -> (exists f (exists e (IsAppeared(e) and IsRising(f)))),(exists c (exists b (IsSubsequent(b) and IsWarming(b) and IsFollowing(c))) & (forall h (forall g ( IsSubsequent(g) ->   IsRising(h)))) & (forall j (forall i (  IsRising(i) ->  IsSubsequent(j)))) & (forall k (forall l (  IsWarming(k) ->   IsRising(l)))) & (forall n (forall m (  IsRising(m) ->   IsWarming(n))))) -> (exists e (exists f (IsAppeared(e) and IsRising(f)))),1
79,79,false dilemma,0,"If global warming is “ real , ”
both sides of the debate seem to assume , the climate lobby ’ s policy agenda follows
inexorably .","(IsReal(a)) -> (IsFollows(b,c))","(exists a (IsReal(a))) -> (exists c (exists b (IsFollows(b,c))))",0
80,80,appeal to emotion,0,"He said that he and his students cried when he showed them maps of the damage , which he had calculated in part by flying low in small planes and helicopters .","(forall d (exists d ((IsTeacherOf(a,b) and IsCried(b)) and IsShown(c) and IsDamage(d)))) -> (exists f (forall a (IsCalculated(a) and (IsFlying(f) and IsInSmallPlanes(f)) or (IsFlying(g) and IsInHelicopters(g)))))","(exists c (exists a (exists b (exists d ((IsTeacherOf(a,b) and IsCried(b)) and IsShown(c) and IsDamage(d)))))) -> (exists a (exists f (exists g (IsCalculated(a) and (IsFlying(f) and IsInSmallPlanes(f)) or (IsFlying(g) and IsInHelicopters(g))))))",1
81,81,intentional,0,"On our current trajectory , the report warns , “ planetary and human systems [ are ] reaching a ‘ point of no return ’ by mid-century , in which the prospect of a largely uninhabitable Earth leads to the breakdown of nations and the international order . ”",(exists a (IsInhabitable(b) and ~IsCurrentTrajectory(a))) -> (forall d (IsBreakingDown(c) and IsImminent(d))),(exists a (exists b (IsInhabitable(b) and ~IsCurrentTrajectory(a)))) -> (exists c (exists d (IsBreakingDown(c) and IsImminent(d)))),1
82,82,faulty generalization,0,A harrowing scenario analysis of how human civilization might collapse in coming decades due to climate change has been endorsed by a former Australian defense chief and senior royal navy commander .,(forall b (IsAffectedByClimateChange(b) and (IsWarmingUp(a) or IsRisingSeaLevels(a)))) -> (exists a (IsFormer(a) and EndorsesScenarioAnalysis(a))),(exists a (exists b (IsAffectedByClimateChange(b) and (IsWarmingUp(a) or IsRisingSeaLevels(a))))) -> (exists a (IsFormer(a) and EndorsesScenarioAnalysis(a))),1
83,83,fallacy of extension,0,Alarmist attempts to frame thriving forests as harmful perfectly illustrate the alarmists ’ proclivity to claim anything and everything – no matter how beneficial – is severely harmful and caused by global warming .,(forall c (IsAlarmist(a) and IsHarmful(c)) & (forall c (forall d ( IsSeverelyHarmful(d) ->   IsHarmful(c))))) -> (exists d (IsSeverelyHarmful(d))),(exists c (exists a (IsAlarmist(a) and IsHarmful(c))) & (forall e (forall f ( IsSeverelyHarmful(e) ->   IsHarmful(f))))) -> (exists d (IsSeverelyHarmful(d))),1
84,84,ad populum,0,"The Chinese “ airpocalypse ” of 2013 peaked at what would have been an Air Quality Index of over 800 . That year , smog was responsible for a third of all deaths in the country .",(forall c (forall b (exists a (IsChinese(a) and HasAirpocalypse(b) and HasAirQualityIndex(c))))) -> (exists d (forall e (IsResponsibleFor(d) and HasDeaths(e)))),(exists c (exists a (exists b (IsChinese(a) and HasAirpocalypse(b) and HasAirQualityIndex(c))))) -> (exists e (exists d (IsResponsibleFor(d) and HasDeaths(e)))),1
85,85,ad hominem,0,"Update Jan. 25 , 2016 : As I predicted in this article , global warming activists have indeed made a full-blown public relations effort to claim 2015 was the warmest year on record .","(IsClaimedBy(a,b) and IsOnRecord(b)) -> (IsReal(d))","(exists a (exists b (IsClaimedBy(a,b) and IsOnRecord(b)))) -> (exists d (IsReal(d)))",0
86,86,fallacy of extension,0,"Global warming alarmism provides them , more than any other issue , with the things they
most want : For politicians it ’ s money and power . For environmentalists it ’ s money for their
organizations and confirmation of their near religious devotion to the idea that man is a
destructive force acting upon nature . And for the media it ’ s ideology , money , and headlines .",(IsAlarmist(d) and (ArePoliticians(a) and AreEnvironmentalists(b) and AreMedia(c)) & (forall d (forall b ( IsAlarmist(d) ->   IsMotivatedByIdeology(b)))) & (forall b (  AreEnvironmentalists(b) ->   IsMotivatedByIdeology(b))) & (forall b (  IsMotivatedByIdeology(b) ->   AreEnvironmentalists(b)))) -> ((IsMotivatedByMoney(a) and IsMotivatedByIdeology(b)) and ~IsGenuinelyConcerned(c)),(exists c (exists d (exists b (exists a (IsAlarmist(d) and (ArePoliticians(a) and AreEnvironmentalists(b) and AreMedia(c)))))) & (forall f (forall g ( IsAlarmist(f) ->   IsMotivatedByIdeology(g)))) & (forall h (  AreEnvironmentalists(h) ->   IsMotivatedByIdeology(h))) & (forall i (  IsMotivatedByIdeology(i) ->   AreEnvironmentalists(i)))) -> (exists c (exists a (exists b ((IsMotivatedByMoney(a) and IsMotivatedByIdeology(b)) and ~IsGenuinelyConcerned(c))))),0
87,87,fallacy of logic,0,"As long as the ice-water mix is well-stirred ( like a glass of ice water ) , the surface temperature stays at the freezing point until all the ice melts .",(forall c (forall a (IsAtFreezingPoint(a) and IsMelted(c))) & (forall c (forall f (  IsMelted(c) ->   IsAtFreezingPoint(f))))) -> (exists e (exists f (IsWellStirred(e) and IsAtFreezingPoint(f)))),(exists c (exists a (IsAtFreezingPoint(a) and IsMelted(c))) & (forall h (forall i (  IsMelted(h) ->   IsAtFreezingPoint(i))))) -> (exists e (exists f (IsWellStirred(e) and IsAtFreezingPoint(f)))),1
88,88,faulty generalization,0,The sea has crept up to the point that a high tide and a brisk wind are all it takes to send water pouring into streets and homes .,(exists d ((IsInTheSea(b) and IsAHighTide(c)) and (IsABriskWind(d) and IsPouringWater(e))) & (forall e (forall a ( IsFlooded(a) ->   IsPouringWater(e)))) & (forall e (forall g (  IsFlooded(g) ->   IsPouringWater(e)))) & (forall a ( IsFlooded(a) ->   IsInStreets(a)))) -> (forall g (forall a (IsFlooded(a) or IsFlooded(g)))),(exists e (exists c (exists b (exists d ((IsInTheSea(b) and IsAHighTide(c)) and (IsABriskWind(d) and IsPouringWater(e)))))) & (forall j (forall i ( IsFlooded(i) ->   IsPouringWater(j)))) & (forall k (forall l (  IsFlooded(k) ->   IsPouringWater(l)))) & (forall m ( IsFlooded(m) ->   IsInStreets(m)))) -> (exists a (exists g (IsFlooded(a) or IsFlooded(g)))),1
89,89,intentional,0,The international team onboard the Russian research ship R/V Akademik Keldysh said most of the bubbles were currently dissolving in the water but methane levels at the surface were four to eight times what would normally be expected and this was venting into the atmosphere .,( Most of the bubbles are dissolving in the water.) -> (IsFourToEightTimes(c) and IsVenting(d)),( Most of the bubbles are dissolving in the water.) -> (exists c (exists d (IsFourToEightTimes(c) and IsVenting(d)))),1
90,90,intentional,0,"While it 's too soon to say precisely how global warming may have affected the rare confluence of events that conspired to dump at least 26.88 inches of rain in less than four days on South Carolina , changes in extreme precipitation events are one of global warming 's most well-documented climate change impacts .",(forall c (forall b (IsInGlobalWarming(b) and IsAnImpactOfClimateChange(c))) & (forall c (forall b (  IsAnImpactOfClimateChange(c) ->  IsInGlobalWarming(b)))) & (forall c (forall b ( IsInGlobalWarming(b) ->   IsAnImpactOfClimateChange(c))))) -> (exists b (forall a (exists a (IsInGlobalWarming(b) and IsAConfluenceOfRareEvents(a))))),(exists c (exists b (IsInGlobalWarming(b) and IsAnImpactOfClimateChange(c))) & (forall h (forall g (  IsAnImpactOfClimateChange(g) ->  IsInGlobalWarming(h)))) & (forall j (forall i ( IsInGlobalWarming(i) ->   IsAnImpactOfClimateChange(j))))) -> (exists a (exists b (IsInGlobalWarming(b) and IsAConfluenceOfRareEvents(a)))),1
91,91,false causality,0,Any increase in flooding activity is due to human alterations of river and stream flow rather than precipitation changes .,(forall d (forall c (forall b (IsAny(b) and (IsFloodingActivity(c) and IsHumanAlterations(d))))) & (forall h (forall c (  IsFloodingActivity(c) ->   CausesFloodingActivity(h)))) & (forall h (forall c (  CausesFloodingActivity(h) ->   IsFloodingActivity(c)))) & (forall d (forall f (  IsHumanAlterations(d) ->  IsHuman(f)))) & (forall d (forall f ( IsHuman(f) ->   IsHumanAlterations(d)))) & (forall a (forall g (  IsRiver(a) ->   IsStream(g)))) & (forall h (forall a (  IsRiver(a) ->   CausesFloodingActivity(h)))) & (forall e (forall a (  IsRiver(a) ->   IsStreamFlow(e))))) -> (exists g (exists a (exists h (IsHuman(f) and (IsRiver(a) and IsStream(g)) and CausesFloodingActivity(h))))),(exists c (exists b (exists d (IsAny(b) and (IsFloodingActivity(c) and IsHumanAlterations(d))))) & (forall k (forall j (  IsFloodingActivity(j) ->   CausesFloodingActivity(k)))) & (forall m (forall l (  CausesFloodingActivity(l) ->   IsFloodingActivity(m)))) & (forall o (forall n (  IsHumanAlterations(n) ->  IsHuman(o)))) & (forall q (forall p ( IsHuman(p) ->   IsHumanAlterations(q)))) & (forall s (forall r (  IsRiver(r) ->   IsStream(s)))) & (forall u (forall t (  IsRiver(t) ->   CausesFloodingActivity(u)))) & (forall w (forall v (  IsRiver(v) ->   IsStreamFlow(w))))) -> (exists h (exists a (exists f (exists g (IsHuman(f) and (IsRiver(a) and IsStream(g)) and CausesFloodingActivity(h)))))),1
92,92,faulty generalization,0,"Still , the shift is precisely what he and other cyclone experts said would be expected from climate change .","(forall c (IsExpectedFrom(c,a))) -> (exists d (Causes(a,d)))","(exists c (exists a (IsExpectedFrom(c,a)))) -> (exists a (exists d (Causes(a,d))))",1
93,93,appeal to emotion,0,“ This has been the saddest research trip of my life ”,(IsSad(a)) -> (IsSad(a)),(exists a (IsSad(a))) -> (exists a (IsSad(a))),1
94,94,fallacy of logic,0,Eight countries control land in the Arctic Circle . Five have coastlines to defend . The temperature is rising . The ice is melting . The race for newly accessible resources is beginning . And Russia is gaining ground .,(exists a (IsGainingGround(a))) -> (forall c (forall b (IsBeginning(b) and IsAccessible(c)))),(exists a (IsGainingGround(a))) -> (exists c (exists b (IsBeginning(b) and IsAccessible(c)))),1
95,95,intentional,0,You ’ ve only got to look at Singapore .,"(IsDenselyPopulated(a)) -> (ShouldVisit(b,a))","(exists a (IsDenselyPopulated(a))) -> (exists a (exists b (ShouldVisit(b,a))))",0
96,96,appeal to emotion,0,"Meanwhile , Mr Beckwith confirmed the changes would usher in a sustained period of “ climate system mayhem ” which could prove difficult to resolve .","(exists c (forall b (forall a (IsUsherIn(a,b) and IsMayhem(c)))) & (forall c (forall g (  IsMayhem(c) ->  IsDifficult(g))))) -> (forall g (exists h (exists g (exists e (IsDifficult(g) and (IsProve(e) and IsResolve(h)))))))","(exists c (exists a (exists b (IsUsherIn(a,b) and IsMayhem(c)))) & (forall j (forall i (  IsMayhem(i) ->  IsDifficult(j))))) -> (exists e (exists h (exists g (IsDifficult(g) and (IsProve(e) and IsResolve(h))))))",1
97,97,intentional,0,"Temperature , like viscosity and density , and of course phone numbers , is not something that can be meaningfully averaged . “ Global temperature ” does not exist .",(forall a (~IsMeaningfullyAveraged(a))) -> (forall c (exists b (IsExistent(b) and ~IsGlobalTemperature(c)))),(exists a (~IsMeaningfullyAveraged(a))) -> (exists c (exists b (IsExistent(b) and ~IsGlobalTemperature(c)))),0
98,98,false causality,0,"The Little Ice Age
ended as recently as 1850 . Therefore , it is no surprise that we now are expe riencing a period of warming .",(IsRecentlyEnded(a)) -> (IsExperiencingWarming(a)),(exists a (IsRecentlyEnded(a))) -> (exists a (IsExperiencingWarming(a))),1
99,99,intentional,0,"By ignoring history and geology , any claim of unusual weather can be made sensational .",(exists d (forall b (exists b ((IsIgnored(a) and IsUnusualWeather(b)) and IsSensational(d))))) -> (forall f (forall b (forall e (exists f (exists b (forall a (IsAnyClaim(e) and (IsUnusualWeather(b) and IsIgnored(a)) and IsSensational(f)))))))),(exists a (exists b (exists d ((IsIgnored(a) and IsUnusualWeather(b)) and IsSensational(d))))) -> (exists e (exists a (exists f (exists b (IsAnyClaim(e) and (IsUnusualWeather(b) and IsIgnored(a)) and IsSensational(f)))))),1
100,100,,1,"There is a little girl in a pink helmet riding her pink bicycle along a waterway. Hence, a girl outside.",(exists b (IsLittle(a) and IsOnPinkBicycle(b) and IsAlongWaterway(c))) -> (forall e (IsOutside(e))),(exists c (exists a (exists b (IsLittle(a) and IsOnPinkBicycle(b) and IsAlongWaterway(c))))) -> (exists e (IsOutside(e))),1
101,101,,1,A man and his girl are crossing the street. This implies that a man and a woman are outside.,"(exists b (IsCrossing(a,b) and IsMan'sGirl(b))) -> (forall d (IsMan(a) and IsOutside(d)))","(exists a (exists b (IsCrossing(a,b) and IsMan'sGirl(b)))) -> (exists a (exists d (IsMan(a) and IsOutside(d))))",1
102,102,,1,"A woman and a child sit together in a door frame along a gray sidewalk, as a man and two women walk past. It follows that there were passerbys as the woman and child sat.",(exists c (IsSat(a) and (IsPasserby(c) or a = b))) -> (forall e (IsSat(a) and IsInDoorFrame(b) and IsOnGraySidewalk(e))),(exists c (exists a (exists b (IsSat(a) and (IsPasserby(c) or a = b))))) -> (exists e (exists a (exists b (IsSat(a) and IsInDoorFrame(b) and IsOnGraySidewalk(e))))),1
103,103,,1,"The little kids sit outdoors in a small tub of water. Consequently, the little kids sit outdoors.",(IsLittle(a) and IsOutdoors(b)) -> (IsLittle(a) and IsOutdoors(b)),(exists a (exists b (IsLittle(a) and IsOutdoors(b)))) -> (exists a (exists b (IsLittle(a) and IsOutdoors(b)))),1
104,104,,1,"Two women are at ATMs getting money out and the lady on the left has two children. Hence, two woman are getting money.",(IsGettingMoneyOut(a) and IsAtATM(b)) -> (IsOnTheLeft(d) and HasTwoChildren(e)),(exists a (exists b (IsGettingMoneyOut(a) and IsAtATM(b)))) -> (exists e (exists d (IsOnTheLeft(d) and HasTwoChildren(e)))),1
105,105,,1,"People going about their business at the corner of 5th Avenue and W 58th streets. As a consequence, people doing things on the street.","(forall b (IsDoingThings(a) and IsOnTheStreet(b)) & (forall a ( IsDoingThings(a) ->  IsGoingAboutTheirBusiness(a))) & (forall a ( IsGoingAboutTheirBusiness(a) ->  IsDoingThings(a)))) -> (exists d (IsAt(d,e) and IsGoingAboutTheirBusiness(a)))","(exists a (exists b (IsDoingThings(a) and IsOnTheStreet(b))) & (forall f ( IsDoingThings(f) ->  IsGoingAboutTheirBusiness(f))) & (forall g ( IsGoingAboutTheirBusiness(g) ->  IsDoingThings(g)))) -> (exists e (exists d (exists a (IsAt(d,e) and IsGoingAboutTheirBusiness(a)))))",1
106,106,,1,"Three men wearing orange coats working on a street. As a consequence, three men outside.",((IsWearingOrangeCoat(a) and IsWorkingOnStreet(b)) or IsWorkingOnStreet(c) & (forall a ( IsWearingOrangeCoat(a) ->  IsOutside(a)))) -> (IsOutside(a) and (IsOutside(b) and IsOutside(c))),(exists c (exists a (exists b ((IsWearingOrangeCoat(a) and IsWorkingOnStreet(b)) or IsWorkingOnStreet(c)))) & (forall d ( IsWearingOrangeCoat(d) ->  IsOutside(d)))) -> (exists c (exists a (exists b (IsOutside(a) and (IsOutside(b) and IsOutside(c)))))),1
107,107,,1,"There are two children at home, playing. This implies that there are two children inside the house.",(forall b (exists b (IsAtHome(b) and (IsChild(a) or IsChild(a)))) & (forall c (forall b ( IsAtHome(b) ->  IsInsideTheHouse(c)))) & (forall c (forall b ( IsInsideTheHouse(c) ->  IsAtHome(b))))) -> (exists c (exists b (forall a (IsInsideTheHouse(c) and (IsChild(a) or IsChild(b)))))),(exists a (exists b (IsAtHome(b) and (IsChild(a) or IsChild(a)))) & (forall e (forall d ( IsAtHome(d) ->  IsInsideTheHouse(e)))) & (forall f (forall g ( IsInsideTheHouse(f) ->  IsAtHome(g))))) -> (exists c (exists b (exists a (IsInsideTheHouse(c) and (IsChild(a) or IsChild(b)))))),1
108,108,,1,"four young children, two girls and two boys, play what appears to be horseshoes. Thus, four young children are playing the same thing.","(IsFour(a) and IsPlaying(a,b) & (forall a ( IsFour(a) ->   IsPlaying(a))) & (forall a (  IsPlaying(a) ->  IsFour(a))) & (forall a (  IsPlaying(a) ->  IsFour(a))) & (forall a ( IsFour(a) ->   IsPlaying(a)))) -> (IsFour(a) and IsPlaying(a))","(exists a (exists b (IsFour(a) and IsPlaying(a,b))) & (forall d ( IsFour(d) ->   IsPlaying(d))) & (forall e (  IsPlaying(e) ->  IsFour(e))) & (forall f (  IsPlaying(f) ->  IsFour(f))) & (forall g ( IsFour(g) ->   IsPlaying(g)))) -> (exists a (IsFour(a) and IsPlaying(a)))",1
109,109,,1,"A wet dog on a leash is running through some water. Therefore, a wet dog is running through some water while on a leash.",() -> (),() -> (),1
110,110,,1,"A young girl with a flower on her shirt rides a skateboard while a young boy wraps something around her. Hence, a girl with a flower on her shirt rides a skateboard with a boy.",(forall d (IsWithFlower(a) and IsOnShirt(b) and IsRidesSkateboard(d))) -> (exists g (IsRidesSkateboard(g) and IsWithBoy(f))),(exists a (exists b (exists d (IsWithFlower(a) and IsOnShirt(b) and IsRidesSkateboard(d))))) -> (exists f (exists g (IsRidesSkateboard(g) and IsWithBoy(f)))),1
111,111,,1,"Two firefighters spray water onto smoldering trash pile. As a consequence, firefighters are putting out a fire.",(exists a (IsSprayingWater(a) and IsSmoldering(b)) & (forall d (forall b (  IsSmoldering(b) ->   IsOnFire(d))))) -> (forall c (IsPuttingOut(c) and IsOnFire(d))),(exists a (exists b (IsSprayingWater(a) and IsSmoldering(b))) & (forall e (forall f (  IsSmoldering(e) ->   IsOnFire(f))))) -> (exists c (exists d (IsPuttingOut(c) and IsOnFire(d)))),1
112,112,,1,"Two women eating together and smiling. Hence, two women eating together and smiling.",(IsEatingTogether(a) and IsSmiling(c)) -> (IsEatingTogether(a) and IsSmiling(c)),(exists c (exists a (IsEatingTogether(a) and IsSmiling(c)))) -> (exists c (exists a (IsEatingTogether(a) and IsSmiling(c)))),1
113,113,,1,"A Woman is about to put a shoe on the bride. Hence, a woman is wearing a shoe.",(IsWearing(b)) -> (IsWearing(a)),(exists b (IsWearing(b))) -> (exists a (IsWearing(a))),1
114,114,,1,"A man in a yellow shirt and blue pants balances himself on a log behind another man in a light blue shirt and shorts that are light blue and yellow that is also balancing himself. Consequently, two men are standing on a log.","(IsInYellowShirt(c) and IsOnLog(a) and IsInBluePants(d) & (forall e (forall a ( AreStandingOn(e,a) ->   IsOnLog(a))))) -> (AreStandingOn(e,a))","(exists c (exists d (exists a (IsInYellowShirt(c) and IsOnLog(a) and IsInBluePants(d)))) & (forall f (forall g ( AreStandingOn(f,g) ->   IsOnLog(g))))) -> (exists e (exists a (AreStandingOn(e,a))))",1
115,115,,1,"Two people signing books. As a consequence, a person is signing a book.",(forall b (IsSigned(a) and IsBook(b))) -> (exists d (IsSigned(c) and IsBook(d))),(exists a (exists b (IsSigned(a) and IsBook(b)))) -> (exists c (exists d (IsSigned(c) and IsBook(d)))),1
116,116,,1,Two ladies dancing on stage. It follows that two women dancing on a platform.,"(exists a (IsDancedOn(a,b))) -> (forall c (IsDancedOn(c,d)))","(exists a (exists b (IsDancedOn(a,b)))) -> (exists c (exists d (IsDancedOn(c,d))))",1
117,117,,1,a man in black plays the harmonica. This implies that there's a man playing the harmonica.,(IsInBlack(b) and PlaysHarmonica(a) & (forall a (  PlaysHarmonica(a) ->  IsPlayingHarmonica(a))) & (forall a ( IsPlayingHarmonica(a) ->   PlaysHarmonica(a)))) -> (IsPlayingHarmonica(a)),(exists a (exists b (IsInBlack(b) and PlaysHarmonica(a))) & (forall d (  PlaysHarmonica(d) ->  IsPlayingHarmonica(d))) & (forall e ( IsPlayingHarmonica(e) ->   PlaysHarmonica(e)))) -> (exists a (IsPlayingHarmonica(a))),1
118,118,,1,"A man with a clown nose on rollerskates holding a small crying child in a wizard outfit. Thus, a man with a clown nose is outdoors.","(IsOutdoors(c)) -> (IsHolding(a,b) and IsSmall(d) and IsCrying(d) and IsWizard(e))","(exists c (IsOutdoors(c))) -> (exists e (exists a (exists b (exists d (IsHolding(a,b) and IsSmall(d) and IsCrying(d) and IsWizard(e))))))",0
119,119,,1,"A woman wearing a floral head covering is cutting a thread on a loom. Thus, a woman works at a loom.","(forall a (exists a (IsWorkingAt(a)))) -> (exists d (forall c (IsWearing(c,d) and IsWorkingAt(e))))","(exists a (IsWorkingAt(a))) -> (exists e (exists c (exists d (IsWearing(c,d) and IsWorkingAt(e)))))",1
120,120,,1,"a woman with dark hair in bending, open mouthed, towards the back of a dark headed toddler's head. As a consequence, a woman has dark hair.",(exists b (IsWoman(a) and IsDarkHair(b)) & (forall d (forall b ( IsDarkHair(b) ->   IsDarkHeaded(d)))) & (forall d (forall b (  IsDarkHeaded(d) ->  IsDarkHair(b))))) -> (forall d (forall a (IsBending(a) and IsDarkHeaded(d)))),(exists a (exists b (IsWoman(a) and IsDarkHair(b))) & (forall f (forall g ( IsDarkHair(f) ->   IsDarkHeaded(g)))) & (forall h (forall i (  IsDarkHeaded(h) ->  IsDarkHair(i))))) -> (exists a (exists d (IsBending(a) and IsDarkHeaded(d)))),1
121,121,,1,"A young man blocks a kick during a sparring match, while judges stand by. Thus, a young man stops another person from kicking him.",(exists c (forall b (IsYoung(a) and IsStoppedFromKicking(b) and IsHim(c))) & (forall d (forall b (  IsStoppedFromKicking(b) ->   IsBlockedDuringSparringMatch(d)))) & (forall d (forall b (  IsBlockedDuringSparringMatch(d) ->   IsStoppedFromKicking(b)))) & (forall c (forall a (  IsHim(c) ->  IsYoung(a))))) -> (forall a (exists e (exists a (IsYoung(a) and IsBlockedDuringSparringMatch(d) and IsKicked(e))))),(exists c (exists a (exists b (IsYoung(a) and IsStoppedFromKicking(b) and IsHim(c)))) & (forall f (forall g (  IsStoppedFromKicking(f) ->   IsBlockedDuringSparringMatch(g)))) & (forall h (forall i (  IsBlockedDuringSparringMatch(h) ->   IsStoppedFromKicking(i)))) & (forall k (forall j (  IsHim(j) ->  IsYoung(k))))) -> (exists e (exists a (exists d (IsYoung(a) and IsBlockedDuringSparringMatch(d) and IsKicked(e))))),1
122,122,,1,"Many African American children gather in a small classroom where their studies are provided by Unicef. Hence, many kids at school.",(exists b (exists a (IsMany(a) and (IsInSmallClassroom(b) and IsProvidedByUnicef(c))))) -> (forall e (forall d (IsMany(d) and IsAtSchool(e)))),(exists c (exists a (exists b (IsMany(a) and (IsInSmallClassroom(b) and IsProvidedByUnicef(c)))))) -> (exists e (exists d (IsMany(d) and IsAtSchool(e)))),1
123,123,,1,"A black and brown dog shakes water off of itself. As a consequence, a black and brown dog is shaking itself dry.",(IsBlackAndBrown(a) and IsShakingWater(a) and IsOnItself(c) & (forall a (  IsShakingItself(a) ->  IsBlackAndBrown(a))) & (forall a (  IsShakingWater(a) ->  IsBlackAndBrown(a)))) -> (IsBlackAndBrown(a) and IsShakingItself(a) and IsDry(d)),(exists c (exists a (IsBlackAndBrown(a) and IsShakingWater(a) and IsOnItself(c))) & (forall f (  IsShakingItself(f) ->  IsBlackAndBrown(f))) & (forall g (  IsShakingWater(g) ->  IsBlackAndBrown(g)))) -> (exists a (exists d (IsBlackAndBrown(a) and IsShakingItself(a) and IsDry(d)))),1
124,124,,1,"Two young soccer players compete for the ball. Thus, two soccer players are competing.","(exists a (IsYoung(a) and IsCompetingFor(a,b)) & (forall c (forall a (forall b (  IsCompetingFor(a,b) ->  IsCompeting(c))))) & (forall c (forall b (forall a ( IsCompeting(c) ->   IsCompetingFor(a,b)))))) -> (forall c (IsCompeting(c) and IsCompeting(c)))","(exists a (exists b (IsYoung(a) and IsCompetingFor(a,b))) & (forall e (forall d (forall f (  IsCompetingFor(d,e) ->  IsCompeting(f))))) & (forall i (forall h (forall g ( IsCompeting(g) ->   IsCompetingFor(h,i)))))) -> (exists c (IsCompeting(c) and IsCompeting(c)))",1
125,125,,1,"A bored looking construction worker is holding a drink. Therefore, a worker is in the picture.",(IsInPicture(a)) -> (IsBored(d)),(exists a (IsInPicture(a))) -> (exists d (IsBored(d))),1
126,126,,1,"A blond woman smiles behind a bar. As a consequence, the woman behind the bar with blond hair smiles.","(exists b (exists a (IsBlond(a) and IsBehind(b) and ~IsSmiling(a,b)))) -> (forall c (IsBehind(c) and IsBlond(c)))","(exists a (exists b (IsBlond(a) and IsBehind(b) and ~IsSmiling(a,b)))) -> (exists c (IsBehind(c) and IsBlond(c)))",1
127,127,,1,"Four ladies are sitting on a bench while 3 are stand close by. This implies that four ladies sitting on a bench, with three others standing nearby.","(exists b (IsSittingOn(b,a))) -> (forall a (IsStandingNearby(a,c)))","(exists a (exists b (IsSittingOn(b,a)))) -> (exists c (exists a (IsStandingNearby(a,c))))",1
128,128,,1,"a man with green marker written on his arm. Thus, a man has marker on his arm.",(IsOnArm(c)) -> (IsMan(a) and IsOnArm(d)),(exists c (IsOnArm(c))) -> (exists a (exists d (IsMan(a) and IsOnArm(d)))),1
129,129,,1,"a young boy is posing inside a tractor shovel. Thus, a young boy is inside a tractor.","(forall a (IsYoung(a) and IsInside(a,b))) -> (exists c (IsPosing(c) and IsInside(c,d)))","(exists a (exists b (IsYoung(a) and IsInside(a,b)))) -> (exists c (exists d (IsPosing(c) and IsInside(c,d))))",1
130,130,,1,"Two women playing volleyball at the beach. Thus, there are games being played near the water.","(forall a (IsNearWater(a) and IsPlayed(a,b))) -> (exists c (IsPlayingVolleyball(c) and IsAtBeach(e)))","(exists a (exists b (IsNearWater(a) and IsPlayed(a,b)))) -> (exists e (exists c (IsPlayingVolleyball(c) and IsAtBeach(e))))",1
131,131,,1,Red versus blue on ice. It follows that people on ice.,(IsOnIce(b)) -> (IsOnIce(c)),(exists b (IsOnIce(b))) -> (exists c (IsOnIce(c))),1
132,132,,1,"There are four boys playing soccer, but not all of them are on the same team, the closest boy is on the red team wearing white trunks and a white shirt while the other three boys are on the blue team and wearing blue trunks and blue shirts. Thus, some children are playing a ball game.","(forall b (forall a (IsPlaying(a,b)))) -> (exists d (exists c (IsPlaying(c,d))))","(exists a (exists b (IsPlaying(a,b)))) -> (exists c (exists d (IsPlaying(c,d))))",1
133,133,,1,"A mechanic in an orange jumpsuit working on a train. As a consequence, the machanic is wearing his jumpsuit while working on the train.","(IsWearing(a,c) and IsOnTrain(b) & (forall c (forall a ( IsWearing(a,c) ->  IsWorking(a))))) -> (IsWorking(a) and IsOnTrain(b))","(exists c (exists a (exists b (IsWearing(a,c) and IsOnTrain(b)))) & (forall e (forall d ( IsWearing(d,e) ->  IsWorking(d))))) -> (exists a (exists b (IsWorking(a) and IsOnTrain(b))))",1
134,134,,1,"People walking on a sidewalk in front of a Hyatt. Therefore, there are people walking in front of a hotel.","(exists c (IsWalkingOn(a,b) and IsInFrontOf(a,c)) & (forall c (forall a (forall d (  IsInFrontOf(a,c) ->  IsWalkingInFrontOf(a,d))))) & (forall c (forall a (forall d ( IsWalkingInFrontOf(a,d) ->   IsInFrontOf(a,c)))))) -> (forall d (IsWalkingInFrontOf(a,d)))","(exists c (exists a (exists b (IsWalkingOn(a,b) and IsInFrontOf(a,c)))) & (forall e (forall f (forall g (  IsInFrontOf(e,f) ->  IsWalkingInFrontOf(e,g))))) & (forall j (forall h (forall i ( IsWalkingInFrontOf(h,i) ->   IsInFrontOf(h,j)))))) -> (exists a (exists d (IsWalkingInFrontOf(a,d))))",1
135,135,,1,"A redheaded child sits looking through a railing at the water while people play on the beach in a distance. Consequently, a redheaded child is interested in the water and the people playing on the beach in a distance.",(IsRedheaded(a) and IsInterestedInWater(a) and IsInterestedInPeople(a) and IsInDistance(a) & (forall a (  IsInterestedInWater(a) ->   IsAtWater(a)))) -> (IsSitting(a) and IsLookingThroughRailing(a) and IsAtWater(a) and IsPeoplePlayingOnBeach(a) and IsInDistance(a)),(exists a (IsRedheaded(a) and IsInterestedInWater(a) and IsInterestedInPeople(a) and IsInDistance(a)) & (forall b (  IsInterestedInWater(b) ->   IsAtWater(b)))) -> (exists a (IsSitting(a) and IsLookingThroughRailing(a) and IsAtWater(a) and IsPeoplePlayingOnBeach(a) and IsInDistance(a))),1
136,136,,1,"Two women, one carrying a purse and papers, are standing on a sidewalk. As a consequence, women on a sidewalk.","(exists b (IsStandingOn(a,b))) -> (forall d (IsStandingOn(c,d)))","(exists a (exists b (IsStandingOn(a,b)))) -> (exists c (exists d (IsStandingOn(c,d))))",1
137,137,,1,"A girl in a tree smiles. As a consequence, a smiling girl is sitting in a tree.",(exists c (forall b (IsInTree(b) and HasSmile(c))) & (forall c (forall d (  HasSmile(c) ->  IsSmiling(d)))) & (forall c (forall d ( IsSmiling(d) ->   HasSmile(c))))) -> (forall d (exists d (IsSmiling(d) and IsSittingInTree(a)))),(exists c (exists b (IsInTree(b) and HasSmile(c))) & (forall e (forall f (  HasSmile(e) ->  IsSmiling(f)))) & (forall h (forall g ( IsSmiling(g) ->   HasSmile(h))))) -> (exists d (exists a (IsSmiling(d) and IsSittingInTree(a)))),1
138,138,,1,"A small kid wearing a helmet smiles while his father is doing some adjustment at its back. Thus, a kid is happy.",(exists a (IsSmall(a) and IsWearingHelmet(a) and Smiles(a)) & (forall c (forall a (  Smiles(a) ->  IsHappy(c)))) & (forall c (forall a ( IsHappy(c) ->   Smiles(a))))) -> (forall c (IsHappy(c))),(exists a (IsSmall(a) and IsWearingHelmet(a) and Smiles(a)) & (forall e (forall d (  Smiles(d) ->  IsHappy(e)))) & (forall f (forall g ( IsHappy(f) ->   Smiles(g))))) -> (exists c (IsHappy(c))),1
139,139,,1,"Motorcyclist performing while two men watch. Therefore, men watching motorcyclist.",() -> (),() -> (),1
140,140,,1,"People in a line holding lit roman candles. Hence, people are standing in line.",(IsStandingInLine(a)) -> (IsHoldingLitRomanCandles(c)),(exists a (IsStandingInLine(a))) -> (exists c (IsHoldingLitRomanCandles(c))),1
141,141,,1,"A dog running at the beach with a man looking in the background. Therefore, a dog and a man.","(forall b (IsAtBeach(a,b))) -> (exists d (IsRunning(a) and IsLookingInBackground(d)))","(exists a (exists b (IsAtBeach(a,b)))) -> (exists a (exists d (IsRunning(a) and IsLookingInBackground(d))))",1
142,142,,1,A woman in a gray and black jacket is standing near a replica of an airplane. It follows that a woman standing near replica of an airplane.,"(exists b (IsStandingNear(a,b))) -> (forall c (IsStandingNear(a,c)))","(exists a (exists b (IsStandingNear(a,b)))) -> (exists c (exists a (IsStandingNear(a,c))))",1
143,143,,1,"A white dog with a blue collar plays with a red ball. Therefore, a dog is playing with his toy.","(exists c (exists a (IsWhite(a) and HasBlueCollar(b) and PlaysWith(c)))) -> (forall e (forall d (IsPlayingWith(d,e))))","(exists c (exists a (exists b (IsWhite(a) and HasBlueCollar(b) and PlaysWith(c))))) -> (exists e (exists d (IsPlayingWith(d,e))))",1
144,144,,1,"A man stands by a building while others are nearby. Hence, a man is standing by a building.","(forall b (IsStandingBy(a,b)) & (forall c (forall a (forall b ( IsStandingBy(a,b) ->  IsNearby(c)))))) -> (exists c (IsNearby(c) and (IsNearby(c) and IsTouching(a,b))))","(exists a (exists b (IsStandingBy(a,b))) & (forall e (forall f (forall g ( IsStandingBy(e,f) ->  IsNearby(g)))))) -> (exists c (exists b (exists a (IsNearby(c) and (IsNearby(c) and IsTouching(a,b))))))",1
145,145,,1,"A man starts walking towards a bowling lane, appearing to be winding up for a bowl. It follows that there is a man in the bowling alley.",(IsInBowlingAlley(a)) -> (IsPreparingToBowl(a) and IsBowling(c)),(exists a (IsInBowlingAlley(a))) -> (exists c (exists a (IsPreparingToBowl(a) and IsBowling(c)))),1
146,146,,1,A dog is running and jumping through the woods. It follows that a dog is outdoors.,(IsRunning(a) and IsJumping(a) & (forall a ( IsRunning(a) ->  IsOutdoors(a))) & (forall a (  IsJumping(a) ->  IsOutdoors(a)))) -> (IsOutdoors(a)),(exists a (IsRunning(a) and IsJumping(a)) & (forall d ( IsRunning(d) ->  IsOutdoors(d))) & (forall e (  IsJumping(e) ->  IsOutdoors(e)))) -> (exists a (IsOutdoors(a))),1
147,147,,1,"A woman walks along a street as she looks to a window display of a mannequin in a red dress. Hence, the woman is walking down the street.",(IsWalking(a) and IsOnStreet(b)) -> (IsLooking(a) and IsInRedDress(c)),(exists a (exists b (IsWalking(a) and IsOnStreet(b)))) -> (exists c (exists a (IsLooking(a) and IsInRedDress(c)))),1
148,148,,1,"Two men are standing on a golf course with a large, ornate building in the background. Consequently, two men stand on a golf course.","(IsOnGolfCourse(a) and IsOnGolfCourse(b) & (forall a ( IsStandingOnGolfCourse(a) ->  IsOnGolfCourse(a)))) -> (IsTwoMen(a,b))","(exists a (exists b (IsOnGolfCourse(a) and IsOnGolfCourse(b))) & (forall c ( IsStandingOnGolfCourse(c) ->  IsOnGolfCourse(c)))) -> (exists a (exists b (IsTwoMen(a,b))))",1
149,149,,1,"Brown dog with tennis ball in mouth, in water and bushes. It follows that the dog has something in it's mouth.",(forall b (IsInMouth(b))) -> (exists a (IsBrown(a))),(exists b (IsInMouth(b))) -> (exists a (IsBrown(a))),1
150,150,,1,A woman in black is taking photographs. It follows that a woman is taking photographs.,() -> (),() -> (),1
151,151,,1,Older man in a leather jacket carrying a bouquet of flowers. This implies that an old man is carrying flowers.,(forall b (IsOlder(b) and IsCarrying(a)) & (forall c (forall b ( IsOlder(b) ->  IsOld(c)))) & (forall c (forall b ( IsOld(c) ->  IsOlder(b))))) -> (exists c (IsOld(c) and IsCarrying(a))),(exists a (exists b (IsOlder(b) and IsCarrying(a))) & (forall e (forall d ( IsOlder(d) ->  IsOld(e)))) & (forall f (forall g ( IsOld(f) ->  IsOlder(g))))) -> (exists c (exists a (IsOld(c) and IsCarrying(a)))),1
152,152,,1,"Man on scooter attracts attention from some of those in large crowd. Hence, a man is riding a scooter.","(forall a (IsRiding(a,b))) -> (exists d ((IsInLargeCrowd(c) and IsPayingAttentionTo(d))))","(exists a (exists b (IsRiding(a,b)))) -> (exists c (exists d ((IsInLargeCrowd(c) and IsPayingAttentionTo(d)))))",1
153,153,,1,a man in a blue shirt smoking a cigarette. This implies that a man in blue.,(IsSmokes(a) and IsInBlueShirt(b) & (forall d (forall b (  IsInBlueShirt(b) ->  IsInBlue(d)))) & (forall d (forall b ( IsInBlue(d) ->   IsInBlueShirt(b))))) -> (IsInBlue(d) and IsSmokes(a)),(exists a (exists b (IsSmokes(a) and IsInBlueShirt(b))) & (forall e (forall f (  IsInBlueShirt(e) ->  IsInBlue(f)))) & (forall h (forall g ( IsInBlue(g) ->   IsInBlueShirt(h))))) -> (exists d (exists a (IsInBlue(d) and IsSmokes(a)))),1
154,154,,1,A guy is being kissed on the cheeks by two girls in front of a lighthouse. This implies that the people are near a lighthouse.,"(exists a (IsBeingKissed(a) and AreTwo(b))) -> (forall c (IsNear(c,d)))","(exists a (exists b (IsBeingKissed(a) and AreTwo(b)))) -> (exists c (exists d (IsNear(c,d))))",1
155,155,,1,"A man and a woman on a bench facing a building with trees along the front of it. As a consequence, man and woman looking at a building sitting on a bench.","(IsOnBench(a,b)) -> (IsLookingAt(a,b,d))","(exists a (exists b (IsOnBench(a,b)))) -> (exists a (exists b (exists d (IsLookingAt(a,b,d)))))",1
156,156,,1,"A tall, skinny guy with long black hair is walking while talking on a cellphone and carrying a drum on his head. Therefore, a guy is who is not short is currently in motion.",(exists c (exists a ((IsTall(a) and IsWalking(c)) and (HasLongBlackHair(b) and IsTalkingOnCellphone(d)))) & (forall a (forall f ( IsTall(a) ->  IsNotShort(f)))) & (forall f (forall b (  HasLongBlackHair(b) ->  IsNotShort(f))))) -> (forall f (IsInMotion(f))),(exists c (exists a (exists b (exists d ((IsTall(a) and IsWalking(c)) and (HasLongBlackHair(b) and IsTalkingOnCellphone(d)))))) & (forall h (forall g ( IsTall(g) ->  IsNotShort(h)))) & (forall j (forall i (  HasLongBlackHair(i) ->  IsNotShort(j))))) -> (exists f (IsInMotion(f))),1
157,157,,1,A dog is shaking water off of itself. It follows that the dog shook off the water.,(forall a (IsShaking(a) and IsWater(b)) & (forall c (forall a ( IsShaking(a) ->  IsShakenOff(c)))) & (forall c (forall a ( IsShakenOff(c) ->  IsShaking(a))))) -> (exists c (IsShakenOff(c) and IsWater(d))),(exists a (exists b (IsShaking(a) and IsWater(b))) & (forall e (forall f ( IsShaking(e) ->  IsShakenOff(f)))) & (forall h (forall g ( IsShakenOff(g) ->  IsShaking(h))))) -> (exists c (exists d (IsShakenOff(c) and IsWater(d)))),1
158,158,,1,"A football game. Hence, there is a sporting event.",(exists a (IsThere(a)) & (forall c (forall a ( IsThere(a) ->   IsSportingEvent(c))))) -> (forall c (IsThere(b) and IsSportingEvent(c))),(exists a (IsThere(a)) & (forall e (forall d ( IsThere(d) ->   IsSportingEvent(e))))) -> (exists c (exists b (IsThere(b) and IsSportingEvent(c)))),1
159,159,,1,Three casually-dressed young men walk together. This implies that three young men walking.,(exists a (IsCasuallyDressed(a) and WalkTogether(a)) & (forall a (forall b ( IsWalk(b) ->  IsCasuallyDressed(a)))) & (forall a (forall b (  WalkTogether(a) ->  IsWalk(b)))) & (forall a (forall b ( IsWalk(b) ->   WalkTogether(a))))) -> (forall b (IsWalk(b))),(exists a (IsCasuallyDressed(a) and WalkTogether(a)) & (forall c (forall d ( IsWalk(c) ->  IsCasuallyDressed(d)))) & (forall e (forall f (  WalkTogether(e) ->  IsWalk(f)))) & (forall h (forall g ( IsWalk(g) ->   WalkTogether(h))))) -> (exists b (IsWalk(b))),1
160,160,,1,"A woman in a white shirt walks while carrying a jacket. Therefore, a women carring her jacket over her shoulder.",() -> (),() -> (),0
161,161,,1,"A little boy in a red hat riding a horse. Therefore, a boy is wearing a red hat while riding a horse.",() -> (),() -> (),1
162,162,,1,"A rapper performs looking at the camera while someone else looks at him over his shoulder. Therefore, a rapper is performing in front of a camera.","(forall a (IsPerforming(a) and IsInFrontOf(b))) -> (exists d (IsLookingAt(c,d) and IsOnHisShoulder(e)))","(exists a (exists b (IsPerforming(a) and IsInFrontOf(b)))) -> (exists e (exists c (exists d (IsLookingAt(c,d) and IsOnHisShoulder(e)))))",1
163,163,,1,"A man in a black shirt sits under lights and signs on a wall. Consequently, the man is seen very well under lights.","(IsSeenWell(a,b)) -> (IsSitsUnderLights(a,b) and IsSignsOnWall(c))","(exists a (exists b (IsSeenWell(a,b)))) -> (exists c (exists a (exists b (IsSitsUnderLights(a,b) and IsSignsOnWall(c)))))",1
164,164,,1,A man in a white t-shirt does a trick with a bronze colored yo-yo. This implies that there is a tricky male making fool to other one.,"(IsInWhiteTShirt(a) and DoesTrick(a,b) & (forall c (forall a (  DoesTrick(a) ->  IsTricky(c)))) & (forall a (forall d (  DoesTrick(a) ->   MakesFoolsOf(d))))) -> (IsTricky(c) and MakesFoolsOf(d))","(exists a (exists b (IsInWhiteTShirt(a) and DoesTrick(a,b))) & (forall e (forall f (  DoesTrick(e) ->  IsTricky(f)))) & (forall h (forall g (  DoesTrick(g) ->   MakesFoolsOf(h))))) -> (exists c (exists d (IsTricky(c) and MakesFoolsOf(d))))",1
165,165,,1,"A crowded busy dock with people standing next to a freight car either loading or unloading it.aa. Consequently, a crowded dock has people on it standing next to a freight car.","(IsCrowded(a) and HasPeople(a) & (forall a (forall b ( IsStandingNextTo(a,b) ->   HasPeople(a))))) -> (IsStandingNextTo(a,b) and IsOnFreightCar(a))","(exists a (IsCrowded(a) and HasPeople(a)) & (forall e (forall d ( IsStandingNextTo(d,e) ->   HasPeople(d))))) -> (exists a (exists b (IsStandingNextTo(a,b) and IsOnFreightCar(a))))",1
166,166,,1,"Two women in brightly colored tee-shirts and hats sit beside a black backpack on a stone bench beside a dusty trail. Hence, two women are outdoors.","(IsOutdoors(a) and IsOutdoors(b) & (forall c (forall a (  IsOnStoneBench(a,c) ->  IsOutdoors(a)))) & (forall a (forall d (  IsOnDustyTrail(a,d) ->  IsOutdoors(a))))) -> (IsSitOn(a,b) and IsOnStoneBench(a,c) and IsOnDustyTrail(a,d))","(exists a (exists b (IsOutdoors(a) and IsOutdoors(b))) & (forall e (forall f (  IsOnStoneBench(e,f) ->  IsOutdoors(e)))) & (forall h (forall g (  IsOnDustyTrail(g,h) ->  IsOutdoors(g))))) -> (exists c (exists a (exists b (exists d (IsSitOn(a,b) and IsOnStoneBench(a,c) and IsOnDustyTrail(a,d))))))",1
167,167,,1,"A group of people are sitting on chairs in a circle together. Consequently, a group sit in chairs in a circle.",(exists c (IsSitInChairs(a) and IsInCircle(c)) & (forall a ( IsSitInChairs(a) ->  IsSittingOnChairs(a))) & (forall a ( IsSittingOnChairs(a) ->  IsSitInChairs(a)))) -> (exists c (forall a (IsSittingOnChairs(a) and IsInCircle(c)))),(exists c (exists a (IsSitInChairs(a) and IsInCircle(c))) & (forall d ( IsSitInChairs(d) ->  IsSittingOnChairs(d))) & (forall e ( IsSittingOnChairs(e) ->  IsSitInChairs(e)))) -> (exists c (exists a (IsSittingOnChairs(a) and IsInCircle(c)))),1
168,168,,1,"A group of young people all wearing red shirts and all carrying bags or purses. As a consequence, people are wearing the same color shirt and are carrying something.","(exists b (exists a (IsYoung(a) and IsWearingRedShirt(b))) & (forall c (forall a (forall d ( IsYoung(a) ->  IsCarrying(c,d))))) & (forall c (forall a (forall d ( IsCarrying(c,d) ->  IsYoung(a)))))) -> (forall d (forall c (IsCarrying(c,d))))","(exists a (exists b (IsYoung(a) and IsWearingRedShirt(b))) & (forall e (forall f (forall g ( IsYoung(e) ->  IsCarrying(f,g))))) & (forall j (forall h (forall i ( IsCarrying(h,i) ->  IsYoung(j)))))) -> (exists c (exists d (IsCarrying(c,d))))",1
169,169,,1,"City workers, both wearing gray pants and green shirts, are trimming tree branches and picking up the debris. Consequently, workers are trimming tree branches.","(forall a (IsTrimming(a,b)) & (forall c (forall a (forall b (forall d ( IsTrimming(a,b) ->  IsPickingUp(c,d))))))) -> (exists c (IsPickingUp(c,d)))","(exists a (exists b (IsTrimming(a,b))) & (forall e (forall h (forall f (forall g ( IsTrimming(e,f) ->  IsPickingUp(g,h))))))) -> (exists c (exists d (IsPickingUp(c,d))))",1
170,170,,1,"Two men are conversing outdoors, while a third looks on. Thus, two men talk outdoors.",(IsTalking(a) and IsOutdoors(b)) -> (IsLookingOn(c)),(exists a (exists b (IsTalking(a) and IsOutdoors(b)))) -> (exists c (IsLookingOn(c))),1
171,171,,1,"A man holds a net while a boys bats a ball into it. Therefore, two males play together.","(forall a (IsHeld(a) and (IsBatted(a) and IsInNet(a)))) -> (exists c (exists b (IsPlayedTogether(b,c))))","(exists a (IsHeld(a) and (IsBatted(a) and IsInNet(a)))) -> (exists c (exists b (IsPlayedTogether(b,c))))",1
172,172,,1,A man in a black tank top is digging a large hole on the beach. This implies that a man is digging a hole on the beach while wearing a black tank top.,(IsDigging(a) and IsOnBeach(b)) -> (IsWearing(d) and IsDigging(a)),(exists a (exists b (IsDigging(a) and IsOnBeach(b)))) -> (exists d (exists a (IsWearing(d) and IsDigging(a)))),1
173,173,,1,"A woman with an orange and gray shirt is fixing something. Therefore, something is being repaired.",(exists c (IsInOrangeAndGrayShirt(c) and IsFixing(a)) & (forall a (  IsFixing(a) ->  IsBeingRepaired(a))) & (forall a ( IsBeingRepaired(a) ->   IsFixing(a)))) -> (forall a (IsBeingRepaired(a))),(exists c (exists a (IsInOrangeAndGrayShirt(c) and IsFixing(a))) & (forall f (  IsFixing(f) ->  IsBeingRepaired(f))) & (forall g ( IsBeingRepaired(g) ->   IsFixing(g)))) -> (exists a (IsBeingRepaired(a))),1
174,174,,1,"two women at a table eating. Thus, people eating at a table.","(exists b (IsEatenAt(a,b))) -> (forall c (IsEatenAt(c,d)))","(exists a (exists b (IsEatenAt(a,b)))) -> (exists c (exists d (IsEatenAt(c,d))))",1
175,175,,1,"Man wearing purple shirt and black pants, holding a camera, standing in a city park. This implies that the man is outdoors.",(exists b (IsOutdoors(b)) & (forall a ( IsInCityPark(a) ->  IsOutdoors(a)))) -> (forall a (IsInCityPark(a))),(exists b (IsOutdoors(b)) & (forall d ( IsInCityPark(d) ->  IsOutdoors(d)))) -> (exists a (IsInCityPark(a))),1
176,176,,1,"Two women are operating a laptop connected to a camera in a parking lot with a third person standing by. Hence, the woman are using a computer.","(IsUsing(a,b)) -> (IsUsing(a,c))","(exists a (exists b (IsUsing(a,b)))) -> (exists c (exists a (IsUsing(a,c))))",1
177,177,,1,"An older looking woman is taking notes in a lecture hall at a university, with younger looking students in the background. Therefore, many students sit in a lecture hall.",(forall c (forall b (IsOlderLooking(b) and (IsInLectureHall(a) and IsAtUniversity(c))))) -> (exists d (exists a (IsMany(d) and IsInLectureHall(a)))),(exists c (exists a (exists b (IsOlderLooking(b) and (IsInLectureHall(a) and IsAtUniversity(c)))))) -> (exists d (exists a (IsMany(d) and IsInLectureHall(a)))),1
178,178,,1,"A man jumps from one boulder to another and two men try to catch him as he barely makes it. Consequently, men jumping from boulder to boulder.","(forall b (forall a (IsJumpedFrom(a,b))) & (forall c (forall a (forall b (forall d ( IsJumpedFrom(a,b) ->  IsJumpingFrom(c,d)))))) & (forall c (forall b (forall a (forall d ( IsJumpingFrom(c,d) ->  IsJumpedFrom(a,b))))))) -> (exists d (exists c (IsJumpingFrom(c,d))))","(exists a (exists b (IsJumpedFrom(a,b))) & (forall e (forall h (forall f (forall g ( IsJumpedFrom(e,f) ->  IsJumpingFrom(g,h)))))) & (forall k (forall j (forall i (forall l ( IsJumpingFrom(i,j) ->  IsJumpedFrom(k,l))))))) -> (exists c (exists d (IsJumpingFrom(c,d))))",1
179,179,,1,"The weather looks clear. Hence, it was a nice day outside.",(IsClear(b)) -> (IsDay(d) and IsOutside(e)),(exists b (IsClear(b))) -> (exists e (exists d (IsDay(d) and IsOutside(e)))),1
180,180,,1,"Six people playing sports outside in the daytime. Consequently, people can play.",(exists a (IsPlaySports(a) and IsOutside(b) and IsInDaytime(c))) -> (forall d (IsPlaySports(d))),(exists c (exists a (exists b (IsPlaySports(a) and IsOutside(b) and IsInDaytime(c))))) -> (exists d (IsPlaySports(d))),1
181,181,,1,"a black dog splashes in the water. Hence, a dog is in water.",(exists b (IsInWater(a) and IsBlack(b)) & (forall c (forall b (  IsBlack(b) ->   IsADog(c)))) & (forall c (forall b (  IsADog(c) ->   IsBlack(b))))) -> (forall c (IsInWater(a) and IsADog(c))),(exists a (exists b (IsInWater(a) and IsBlack(b))) & (forall e (forall d (  IsBlack(d) ->   IsADog(e)))) & (forall f (forall g (  IsADog(f) ->   IsBlack(g))))) -> (exists c (exists a (IsInWater(a) and IsADog(c)))),1
182,182,,1,"The bike rider runs with his red bike while another gains on him, both wearing green outfits and black helmets. As a consequence, one rider closes the gap between himself and a biker in front of them.","(forall a (IsRuns(a) and (IsOnBike(a) and IsRed(a))) & (forall a (forall b (forall d (  IsOnBike(a) ->  IsClosesGap(b,d))))) & (forall c (forall a (forall d (  IsOnBike(a) ->   IsInFrontOf(c,d))))) & (forall c (forall a (forall d (  IsInFrontOf(c,d) ->   IsOnBike(a)))))) -> (exists d (forall c (exists b (IsClosesGap(b,d) and IsInFrontOf(c,d)))))","(exists a (IsRuns(a) and (IsOnBike(a) and IsRed(a))) & (forall e (forall f (forall g (  IsOnBike(e) ->  IsClosesGap(f,g))))) & (forall j (forall h (forall i (  IsOnBike(h) ->   IsInFrontOf(i,j))))) & (forall k (forall m (forall l (  IsInFrontOf(k,l) ->   IsOnBike(m)))))) -> (exists c (exists d (exists b (IsClosesGap(b,d) and IsInFrontOf(c,d)))))",1
183,183,,1,"A little girl and boy are playing in the water. Thus, there are kids in the water.","(forall a (IsInWater(a)) & (forall c (forall a (forall d ( IsInWater(a) ->  IsPlayingInWater(c,d))))) & (forall c (forall a (forall d ( IsPlayingInWater(c,d) ->  IsInWater(a)))))) -> (exists d (exists c (IsPlayingInWater(c,d))))","(exists a (IsInWater(a)) & (forall h (forall f (forall g ( IsInWater(f) ->  IsPlayingInWater(g,h))))) & (forall k (forall j (forall i ( IsPlayingInWater(i,j) ->  IsInWater(k)))))) -> (exists c (exists d (IsPlayingInWater(c,d))))",1
184,184,,1,"a teacher teaching a class. Thus, an instructor teaches the students.","(forall b (forall a (IsTeaches(a,b)))) -> (exists d (exists c (IsInstructor(c) and IsTeaches(c,d))))","(exists a (exists b (IsTeaches(a,b)))) -> (exists c (exists d (IsInstructor(c) and IsTeaches(c,d))))",1
185,185,,1,"A female chef is presenting a pineapple and watermelon that is graced with a design on each fruit. Thus, food is being displayed by a chef.",(forall a (IsFemale(a) and IsPresenting(a) and IsPineapple(b) and IsWatermelon(c)) & (forall a (forall d ( IsFemale(a) ->  IsDisplayed(d)))) & (forall e (forall a ( IsFemale(a) ->   IsChef(e)))) & (forall e (forall a (  IsChef(e) ->  IsFemale(a)))) & (forall a (forall d (  IsPresenting(a) ->  IsDisplayed(d)))) & (forall e (forall a (  IsPresenting(a) ->   IsChef(e)))) & (forall d (forall b (  IsPineapple(b) ->  IsDisplayed(d)))) & (forall c (forall d (  IsWatermelon(c) ->  IsDisplayed(d))))) -> (exists e (IsDisplayed(d) and IsChef(e))),(exists c (exists a (exists b (IsFemale(a) and IsPresenting(a) and IsPineapple(b) and IsWatermelon(c)))) & (forall f (forall g ( IsFemale(f) ->  IsDisplayed(g)))) & (forall h (forall i ( IsFemale(h) ->   IsChef(i)))) & (forall k (forall j (  IsChef(j) ->  IsFemale(k)))) & (forall m (forall l (  IsPresenting(l) ->  IsDisplayed(m)))) & (forall o (forall n (  IsPresenting(n) ->   IsChef(o)))) & (forall q (forall p (  IsPineapple(p) ->  IsDisplayed(q)))) & (forall s (forall r (  IsWatermelon(r) ->  IsDisplayed(s))))) -> (exists e (exists d (IsDisplayed(d) and IsChef(e)))),1
186,186,,1,"A pack of Huskies run across the snowy ground. Therefore, tHe dogs are outside.",() -> (),() -> (),1
187,187,,1,A man hugs his infant in a hospital room. It follows that this baby has just been born.,"(exists b (IsHugged(a,b) and IsInHospitalRoom(c)) & (forall a (forall b (forall d ( IsHugged(a,b) ->  IsBorn(d))))) & (forall d (forall b (forall a ( IsBorn(d) ->  IsHugged(a,b)))))) -> (forall d (IsBorn(d)))","(exists c (exists a (exists b (IsHugged(a,b) and IsInHospitalRoom(c)))) & (forall h (forall f (forall g ( IsHugged(f,g) ->  IsBorn(h))))) & (forall k (forall j (forall i ( IsBorn(i) ->  IsHugged(j,k)))))) -> (exists d (IsBorn(d)))",1
188,188,,1,"The nurse is all dressed in white walking on a street. Consequently, a nurse is walking outside.",(IsWalkingOutside(a)) -> (IsAllDressedInWhite(a)),(exists a (IsWalkingOutside(a))) -> (exists a (IsAllDressedInWhite(a))),1
189,189,,1,"A man and woman are preparing a mixture in front of a row of bikes. Therefore, a man and woman are in front of some bikes.","(exists a (exists c (IsInFrontOf(a,b) and IsMan(c))) & (forall a (forall b ( IsInFrontOf(a,b) ->   IsWoman(a)))) & (forall e (forall a ( IsPreparing(a,e) ->   IsWoman(a))))) -> (forall e (forall d (IsPreparing(a,e) and IsInFrontOf(b,e) and IsMan(d) and IsWoman(a))))","(exists c (exists a (exists b (IsInFrontOf(a,b) and IsMan(c)))) & (forall f (forall g ( IsInFrontOf(f,g) ->   IsWoman(f)))) & (forall h (forall i ( IsPreparing(h,i) ->   IsWoman(h))))) -> (exists e (exists a (exists b (exists d (IsPreparing(a,e) and IsInFrontOf(b,e) and IsMan(d) and IsWoman(a))))))",1
190,190,,1,A bird sits in a leafless tree. It follows that a bird on a tree.,() -> (),() -> (),1
191,191,,1,"A boy in a blue shirt is standing at the foot of a hill with a snowball in his hand. Hence, there is a boy holding a snowball.",(forall a (IsInBlueShirt(a) and IsHoldingSnowball(a))) -> (exists d (IsHoldingSnowball(d))),(exists a (IsInBlueShirt(a) and IsHoldingSnowball(a))) -> (exists d (IsHoldingSnowball(d))),1
192,192,,1,A dog is jumping up at a man wearing a search and rescue jacket. It follows that a man is near a dog.,"(forall b (IsJumpingUp(b) and IsWearingSearchAndRescueJacket(c))) -> (exists d (IsNear(a,d)))","(exists c (exists b (IsJumpingUp(b) and IsWearingSearchAndRescueJacket(c)))) -> (exists a (exists d (IsNear(a,d))))",1
193,193,,1,"Two women in shorts and protective equipment bumping into each other. Hence, two women are near each other.","(IsNear(a,a) & (forall a ( IsInShorts(a) ->  IsNear(a,a))) & (forall a ( IsNear(a,a) ->   IsProtectivelyEquipped(a)))) -> (IsInShorts(a) and IsProtectivelyEquipped(a))","(exists a (IsNear(a,a)) & (forall d ( IsInShorts(d) ->  IsNear(d,d))) & (forall e ( IsNear(e,e) ->   IsProtectivelyEquipped(e)))) -> (exists a (IsInShorts(a) and IsProtectivelyEquipped(a)))",1
194,194,,1,"Eight Asian men and women select green vegetables from an outdoor market. Thus, eight people choose green vegetables.","(exists b (IsChoose(b,a))) -> (forall c (IsChoose(c,a)))","(exists a (exists b (IsChoose(b,a)))) -> (exists c (exists a (IsChoose(c,a))))",1
195,195,,1,woman looking through telescope. This implies that woman using a telescope.,(IsLookingThrough(a) and IsTelescope(b)) -> (IsUsed(a) and IsTelescope(b)),(exists a (exists b (IsLookingThrough(a) and IsTelescope(b)))) -> (exists a (exists b (IsUsed(a) and IsTelescope(b)))),1
196,196,,1,Two men celebrate at the bar surrounded by alcohol at a party. This implies that there are people at a social gathering.,(IsAt(b) and IsCelebrate(a) & (forall a (forall d ( IsCelebrate(a) ->  IsAt(d))))) -> (IsAt(c)),(exists a (exists b (IsAt(b) and IsCelebrate(a))) & (forall e (forall f ( IsCelebrate(e) ->  IsAt(f))))) -> (exists c (IsAt(c))),1
197,197,,1,A woman in a green dress takes a photo next to a large man in a dark suit. It follows that a woman wearing a green dress.,(exists b (forall a (IsWorn(a) and IsGreen(b))) & (forall c (forall a ( IsWorn(a) ->  IsTaken(c)))) & (forall c (forall a ( IsTaken(c) ->  IsWorn(a))))) -> (forall c (exists c (IsTaken(c) and (IsLarge(d) and IsDark(e))))),(exists a (exists b (IsWorn(a) and IsGreen(b))) & (forall f (forall g ( IsWorn(f) ->  IsTaken(g)))) & (forall h (forall i ( IsTaken(h) ->  IsWorn(i))))) -> (exists e (exists c (exists d (IsTaken(c) and (IsLarge(d) and IsDark(e)))))),1
198,198,,1,A surfer in a black wetsuit rides a wave. It follows that there is a person outdoors.,"(exists b (exists a (IsRides(a,b))) & (forall a (forall b (forall d ( IsRides(a,b) ->  IsOutdoors(d)))))) -> (forall d (IsOutdoors(d)))","(exists a (exists b (IsRides(a,b))) & (forall e (forall f (forall g ( IsRides(e,f) ->  IsOutdoors(g)))))) -> (exists d (IsOutdoors(d)))",1
199,199,,1,"A crowd of older men stand on the edge of a crowded public street. Therefore, there is a crowd of older men outside.",(IsOlder(a) and IsInCrowd(a)) -> (IsOnPublicStreet(a) and IsStandingOnEdge(a)),(exists a (IsOlder(a) and IsInCrowd(a))) -> (exists a (IsOnPublicStreet(a) and IsStandingOnEdge(a))),1
